[
{
    "model": "admin.logentry",
    "pk": 1,
    "fields": {
        "action_time": "2021-08-06T06:34:03.055Z",
        "user": 1,
        "content_type": 4,
        "object_id": "3",
        "object_repr": "support_moderator",
        "action_flag": 1,
        "change_message": "[{\"added\": {}}]"
    }
},
{
    "model": "admin.logentry",
    "pk": 2,
    "fields": {
        "action_time": "2021-08-06T06:34:39.405Z",
        "user": 1,
        "content_type": 4,
        "object_id": "3",
        "object_repr": "support_moderator",
        "action_flag": 2,
        "change_message": "[{\"changed\": {\"fields\": [\"Staff status\"]}}]"
    }
},
{
    "model": "admin.logentry",
    "pk": 3,
    "fields": {
        "action_time": "2021-08-06T06:37:27.323Z",
        "user": 1,
        "content_type": 4,
        "object_id": "4",
        "object_repr": "testuser",
        "action_flag": 1,
        "change_message": "[{\"added\": {}}]"
    }
},
{
    "model": "admin.logentry",
    "pk": 4,
    "fields": {
        "action_time": "2021-08-06T06:37:50.148Z",
        "user": 1,
        "content_type": 4,
        "object_id": "4",
        "object_repr": "testuser",
        "action_flag": 2,
        "change_message": "[]"
    }
},
{
    "model": "admin.logentry",
    "pk": 5,
    "fields": {
        "action_time": "2021-08-06T06:41:39.536Z",
        "user": 1,
        "content_type": 13,
        "object_id": "4",
        "object_repr": "testuser",
        "action_flag": 2,
        "change_message": "[{\"changed\": {\"fields\": [\"First name\", \"Last name\", \"Patronymic\", \"Phone\", \"Birth date\", \"Mail\"]}}]"
    }
},
{
    "model": "admin.logentry",
    "pk": 6,
    "fields": {
        "action_time": "2021-08-06T07:13:06.839Z",
        "user": 1,
        "content_type": 7,
        "object_id": "1",
        "object_repr": "Laptops",
        "action_flag": 1,
        "change_message": "[{\"added\": {}}]"
    }
},
{
    "model": "admin.logentry",
    "pk": 7,
    "fields": {
        "action_time": "2021-08-06T07:15:16.007Z",
        "user": 1,
        "content_type": 7,
        "object_id": "2",
        "object_repr": "Gaming laptops",
        "action_flag": 1,
        "change_message": "[{\"added\": {}}]"
    }
},
{
    "model": "admin.logentry",
    "pk": 8,
    "fields": {
        "action_time": "2021-08-06T07:15:35.145Z",
        "user": 1,
        "content_type": 7,
        "object_id": "3",
        "object_repr": "MacBooks",
        "action_flag": 1,
        "change_message": "[{\"added\": {}}]"
    }
},
{
    "model": "admin.logentry",
    "pk": 9,
    "fields": {
        "action_time": "2021-08-06T07:16:01.380Z",
        "user": 1,
        "content_type": 7,
        "object_id": "4",
        "object_repr": "Office laptops",
        "action_flag": 1,
        "change_message": "[{\"added\": {}}]"
    }
},
{
    "model": "admin.logentry",
    "pk": 10,
    "fields": {
        "action_time": "2021-08-06T07:16:28.360Z",
        "user": 1,
        "content_type": 7,
        "object_id": "5",
        "object_repr": "Microsoft Surface Laptops",
        "action_flag": 1,
        "change_message": "[{\"added\": {}}]"
    }
},
{
    "model": "admin.logentry",
    "pk": 11,
    "fields": {
        "action_time": "2021-08-06T07:16:51.392Z",
        "user": 1,
        "content_type": 7,
        "object_id": "6",
        "object_repr": "Chromebooks",
        "action_flag": 1,
        "change_message": "[{\"added\": {}}]"
    }
},
{
    "model": "admin.logentry",
    "pk": 12,
    "fields": {
        "action_time": "2021-08-06T07:17:28.269Z",
        "user": 1,
        "content_type": 7,
        "object_id": "7",
        "object_repr": "Desktops",
        "action_flag": 1,
        "change_message": "[{\"added\": {}}]"
    }
},
{
    "model": "admin.logentry",
    "pk": 13,
    "fields": {
        "action_time": "2021-08-06T07:17:57.019Z",
        "user": 1,
        "content_type": 7,
        "object_id": "8",
        "object_repr": "Gaming desktops",
        "action_flag": 1,
        "change_message": "[{\"added\": {}}]"
    }
},
{
    "model": "admin.logentry",
    "pk": 14,
    "fields": {
        "action_time": "2021-08-06T07:18:21.720Z",
        "user": 1,
        "content_type": 7,
        "object_id": "9",
        "object_repr": "Office desktops",
        "action_flag": 1,
        "change_message": "[{\"added\": {}}]"
    }
},
{
    "model": "admin.logentry",
    "pk": 15,
    "fields": {
        "action_time": "2021-08-06T07:18:46.529Z",
        "user": 1,
        "content_type": 7,
        "object_id": "10",
        "object_repr": "Cheap desktops",
        "action_flag": 1,
        "change_message": "[{\"added\": {}}]"
    }
},
{
    "model": "admin.logentry",
    "pk": 16,
    "fields": {
        "action_time": "2021-08-06T07:19:10.244Z",
        "user": 1,
        "content_type": 7,
        "object_id": "11",
        "object_repr": "HDD and SSD",
        "action_flag": 1,
        "change_message": "[{\"added\": {}}]"
    }
},
{
    "model": "admin.logentry",
    "pk": 17,
    "fields": {
        "action_time": "2021-08-06T07:19:34.787Z",
        "user": 1,
        "content_type": 7,
        "object_id": "12",
        "object_repr": "Monitors",
        "action_flag": 1,
        "change_message": "[{\"added\": {}}]"
    }
},
{
    "model": "admin.logentry",
    "pk": 18,
    "fields": {
        "action_time": "2021-08-06T07:20:12.314Z",
        "user": 1,
        "content_type": 7,
        "object_id": "13",
        "object_repr": "Printers",
        "action_flag": 1,
        "change_message": "[{\"added\": {}}]"
    }
},
{
    "model": "admin.logentry",
    "pk": 19,
    "fields": {
        "action_time": "2021-08-06T07:20:37.470Z",
        "user": 1,
        "content_type": 7,
        "object_id": "14",
        "object_repr": "Mice & Keyboards",
        "action_flag": 1,
        "change_message": "[{\"added\": {}}]"
    }
},
{
    "model": "admin.logentry",
    "pk": 20,
    "fields": {
        "action_time": "2021-08-06T07:21:04.816Z",
        "user": 1,
        "content_type": 7,
        "object_id": "15",
        "object_repr": "Web cameras",
        "action_flag": 1,
        "change_message": "[{\"added\": {}}]"
    }
},
{
    "model": "admin.logentry",
    "pk": 21,
    "fields": {
        "action_time": "2021-08-06T07:21:26.753Z",
        "user": 1,
        "content_type": 7,
        "object_id": "16",
        "object_repr": "Servers",
        "action_flag": 1,
        "change_message": "[{\"added\": {}}]"
    }
},
{
    "model": "admin.logentry",
    "pk": 22,
    "fields": {
        "action_time": "2021-08-06T07:21:47.480Z",
        "user": 1,
        "content_type": 7,
        "object_id": "17",
        "object_repr": "Accessories",
        "action_flag": 1,
        "change_message": "[{\"added\": {}}]"
    }
},
{
    "model": "admin.logentry",
    "pk": 23,
    "fields": {
        "action_time": "2021-08-06T07:22:19.980Z",
        "user": 1,
        "content_type": 7,
        "object_id": "18",
        "object_repr": "Headphones",
        "action_flag": 1,
        "change_message": "[{\"added\": {}}]"
    }
},
{
    "model": "admin.logentry",
    "pk": 24,
    "fields": {
        "action_time": "2021-08-07T06:22:18.763Z",
        "user": 1,
        "content_type": 9,
        "object_id": "1",
        "object_repr": "Ситилинк",
        "action_flag": 1,
        "change_message": "[{\"added\": {}}]"
    }
},
{
    "model": "admin.logentry",
    "pk": 25,
    "fields": {
        "action_time": "2021-08-07T06:28:39.042Z",
        "user": 1,
        "content_type": 9,
        "object_id": "2",
        "object_repr": "DNS",
        "action_flag": 1,
        "change_message": "[{\"added\": {}}]"
    }
},
{
    "model": "admin.logentry",
    "pk": 26,
    "fields": {
        "action_time": "2021-08-07T06:31:49.141Z",
        "user": 1,
        "content_type": 9,
        "object_id": "3",
        "object_repr": "М-Видео",
        "action_flag": 1,
        "change_message": "[{\"added\": {}}]"
    }
},
{
    "model": "admin.logentry",
    "pk": 27,
    "fields": {
        "action_time": "2021-08-07T06:37:57.065Z",
        "user": 1,
        "content_type": 8,
        "object_id": "1",
        "object_repr": "Ноутбук LENOVO IP Gaming 3 15ARH05",
        "action_flag": 1,
        "change_message": "[{\"added\": {}}, {\"added\": {\"name\": \"Warehouse\", \"object\": \"product: \\u041d\\u043e\\u0443\\u0442\\u0431\\u0443\\u043a LENOVO IP Gaming 3 15ARH05, shop: \\u0421\\u0438\\u0442\\u0438\\u043b\\u0438\\u043d\\u043a, price: 950.0, amount 20\"}}, {\"added\": {\"name\": \"Warehouse\", \"object\": \"product: \\u041d\\u043e\\u0443\\u0442\\u0431\\u0443\\u043a LENOVO IP Gaming 3 15ARH05, shop: DNS, price: 1000.0, amount 25\"}}, {\"added\": {\"name\": \"Warehouse\", \"object\": \"product: \\u041d\\u043e\\u0443\\u0442\\u0431\\u0443\\u043a LENOVO IP Gaming 3 15ARH05, shop: \\u041c-\\u0412\\u0438\\u0434\\u0435\\u043e, price: 1100.0, amount 15\"}}]"
    }
},
{
    "model": "admin.logentry",
    "pk": 28,
    "fields": {
        "action_time": "2021-08-07T06:38:25.709Z",
        "user": 1,
        "content_type": 22,
        "object_id": "1",
        "object_repr": "Диагональ экрана",
        "action_flag": 1,
        "change_message": "[{\"added\": {}}]"
    }
},
{
    "model": "admin.logentry",
    "pk": 29,
    "fields": {
        "action_time": "2021-08-07T06:38:33.401Z",
        "user": 1,
        "content_type": 22,
        "object_id": "2",
        "object_repr": "Разрешение экрана",
        "action_flag": 1,
        "change_message": "[{\"added\": {}}]"
    }
},
{
    "model": "admin.logentry",
    "pk": 30,
    "fields": {
        "action_time": "2021-08-07T06:38:43.728Z",
        "user": 1,
        "content_type": 22,
        "object_id": "3",
        "object_repr": "Процессор",
        "action_flag": 1,
        "change_message": "[{\"added\": {}}]"
    }
},
{
    "model": "admin.logentry",
    "pk": 31,
    "fields": {
        "action_time": "2021-08-07T06:38:58.621Z",
        "user": 1,
        "content_type": 22,
        "object_id": "4",
        "object_repr": "Оперативная память",
        "action_flag": 1,
        "change_message": "[{\"added\": {}}]"
    }
},
{
    "model": "admin.logentry",
    "pk": 32,
    "fields": {
        "action_time": "2021-08-07T06:39:06.799Z",
        "user": 1,
        "content_type": 22,
        "object_id": "5",
        "object_repr": "Графический процессор",
        "action_flag": 1,
        "change_message": "[{\"added\": {}}]"
    }
},
{
    "model": "admin.logentry",
    "pk": 33,
    "fields": {
        "action_time": "2021-08-07T06:39:15.491Z",
        "user": 1,
        "content_type": 22,
        "object_id": "6",
        "object_repr": "Объем HDD",
        "action_flag": 1,
        "change_message": "[{\"added\": {}}]"
    }
},
{
    "model": "admin.logentry",
    "pk": 34,
    "fields": {
        "action_time": "2021-08-07T06:39:21.857Z",
        "user": 1,
        "content_type": 22,
        "object_id": "7",
        "object_repr": "Объем SSD",
        "action_flag": 1,
        "change_message": "[{\"added\": {}}]"
    }
},
{
    "model": "admin.logentry",
    "pk": 35,
    "fields": {
        "action_time": "2021-08-07T06:39:29.378Z",
        "user": 1,
        "content_type": 22,
        "object_id": "8",
        "object_repr": "Операционная система",
        "action_flag": 1,
        "change_message": "[{\"added\": {}}]"
    }
},
{
    "model": "admin.logentry",
    "pk": 36,
    "fields": {
        "action_time": "2021-08-07T06:41:06.140Z",
        "user": 1,
        "content_type": 8,
        "object_id": "1",
        "object_repr": "Ноутбук LENOVO IP Gaming 3 15ARH05",
        "action_flag": 2,
        "change_message": "[{\"added\": {\"name\": \"Product characteristic\", \"object\": \"\\u041d\\u043e\\u0443\\u0442\\u0431\\u0443\\u043a LENOVO IP Gaming 3 15ARH05 - \\u0414\\u0438\\u0430\\u0433\\u043e\\u043d\\u0430\\u043b\\u044c \\u044d\\u043a\\u0440\\u0430\\u043d\\u0430 - 15.6 \\\"\"}}, {\"added\": {\"name\": \"Product characteristic\", \"object\": \"\\u041d\\u043e\\u0443\\u0442\\u0431\\u0443\\u043a LENOVO IP Gaming 3 15ARH05 - \\u0420\\u0430\\u0437\\u0440\\u0435\\u0448\\u0435\\u043d\\u0438\\u0435 \\u044d\\u043a\\u0440\\u0430\\u043d\\u0430 - 1920\\u04451080\"}}, {\"added\": {\"name\": \"Product characteristic\", \"object\": \"\\u041d\\u043e\\u0443\\u0442\\u0431\\u0443\\u043a LENOVO IP Gaming 3 15ARH05 - \\u041f\\u0440\\u043e\\u0446\\u0435\\u0441\\u0441\\u043e\\u0440 - AMD Ryzen 5 4600H\"}}, {\"added\": {\"name\": \"Product characteristic\", \"object\": \"\\u041d\\u043e\\u0443\\u0442\\u0431\\u0443\\u043a LENOVO IP Gaming 3 15ARH05 - \\u041e\\u043f\\u0435\\u0440\\u0430\\u0442\\u0438\\u0432\\u043d\\u0430\\u044f \\u043f\\u0430\\u043c\\u044f\\u0442\\u044c - 16384 \\u041c\\u0431, DDR4, 3200 \\u041c\\u0413\\u0446\"}}, {\"added\": {\"name\": \"Product characteristic\", \"object\": \"\\u041d\\u043e\\u0443\\u0442\\u0431\\u0443\\u043a LENOVO IP Gaming 3 15ARH05 - \\u0413\\u0440\\u0430\\u0444\\u0438\\u0447\\u0435\\u0441\\u043a\\u0438\\u0439 \\u043f\\u0440\\u043e\\u0446\\u0435\\u0441\\u0441\\u043e\\u0440 - NVIDIA GeForce GTX 1650 - 4096 \\u041c\\u0431\"}}, {\"added\": {\"name\": \"Product characteristic\", \"object\": \"\\u041d\\u043e\\u0443\\u0442\\u0431\\u0443\\u043a LENOVO IP Gaming 3 15ARH05 - \\u041e\\u0431\\u044a\\u0435\\u043c HDD - 1000 \\u0413\\u0431, 5400 \\u043e\\u0431/\\u043c\\u0438\\u043d\"}}, {\"added\": {\"name\": \"Product characteristic\", \"object\": \"\\u041d\\u043e\\u0443\\u0442\\u0431\\u0443\\u043a LENOVO IP Gaming 3 15ARH05 - \\u041e\\u0431\\u044a\\u0435\\u043c SSD - 256 \\u0413\\u0431\"}}, {\"added\": {\"name\": \"Product characteristic\", \"object\": \"\\u041d\\u043e\\u0443\\u0442\\u0431\\u0443\\u043a LENOVO IP Gaming 3 15ARH05 - \\u041e\\u043f\\u0435\\u0440\\u0430\\u0446\\u0438\\u043e\\u043d\\u043d\\u0430\\u044f \\u0441\\u0438\\u0441\\u0442\\u0435\\u043c\\u0430 - Windows 10\"}}]"
    }
},
{
    "model": "admin.logentry",
    "pk": 37,
    "fields": {
        "action_time": "2021-08-07T06:44:23.993Z",
        "user": 1,
        "content_type": 8,
        "object_id": "2",
        "object_repr": "Ноутбук ACER Aspire 7 A715-75G-77DE",
        "action_flag": 1,
        "change_message": "[{\"added\": {}}, {\"added\": {\"name\": \"Warehouse\", \"object\": \"product: \\u041d\\u043e\\u0443\\u0442\\u0431\\u0443\\u043a ACER Aspire 7 A715-75G-77DE, shop: \\u0421\\u0438\\u0442\\u0438\\u043b\\u0438\\u043d\\u043a, price: 1050.0, amount 15\"}}, {\"added\": {\"name\": \"Warehouse\", \"object\": \"product: \\u041d\\u043e\\u0443\\u0442\\u0431\\u0443\\u043a ACER Aspire 7 A715-75G-77DE, shop: DNS, price: 1100.0, amount 20\"}}, {\"added\": {\"name\": \"Product characteristic\", \"object\": \"\\u041d\\u043e\\u0443\\u0442\\u0431\\u0443\\u043a ACER Aspire 7 A715-75G-77DE - \\u0414\\u0438\\u0430\\u0433\\u043e\\u043d\\u0430\\u043b\\u044c \\u044d\\u043a\\u0440\\u0430\\u043d\\u0430 - 15.6 \\\"\"}}, {\"added\": {\"name\": \"Product characteristic\", \"object\": \"\\u041d\\u043e\\u0443\\u0442\\u0431\\u0443\\u043a ACER Aspire 7 A715-75G-77DE - \\u0420\\u0430\\u0437\\u0440\\u0435\\u0448\\u0435\\u043d\\u0438\\u0435 \\u044d\\u043a\\u0440\\u0430\\u043d\\u0430 - 1920\\u04451080\"}}, {\"added\": {\"name\": \"Product characteristic\", \"object\": \"\\u041d\\u043e\\u0443\\u0442\\u0431\\u0443\\u043a ACER Aspire 7 A715-75G-77DE - \\u041f\\u0440\\u043e\\u0446\\u0435\\u0441\\u0441\\u043e\\u0440 - Intel Core i7 9750H\"}}, {\"added\": {\"name\": \"Product characteristic\", \"object\": \"\\u041d\\u043e\\u0443\\u0442\\u0431\\u0443\\u043a ACER Aspire 7 A715-75G-77DE - \\u041e\\u043f\\u0435\\u0440\\u0430\\u0442\\u0438\\u0432\\u043d\\u0430\\u044f \\u043f\\u0430\\u043c\\u044f\\u0442\\u044c - 8192 \\u041c\\u0431, DDR4, 2133 \\u041c\\u0413\\u0446\"}}, {\"added\": {\"name\": \"Product characteristic\", \"object\": \"\\u041d\\u043e\\u0443\\u0442\\u0431\\u0443\\u043a ACER Aspire 7 A715-75G-77DE - \\u0413\\u0440\\u0430\\u0444\\u0438\\u0447\\u0435\\u0441\\u043a\\u0438\\u0439 \\u043f\\u0440\\u043e\\u0446\\u0435\\u0441\\u0441\\u043e\\u0440 - NVIDIA GeForce GTX 1650 - 4096 \\u041c\\u0431\"}}, {\"added\": {\"name\": \"Product characteristic\", \"object\": \"\\u041d\\u043e\\u0443\\u0442\\u0431\\u0443\\u043a ACER Aspire 7 A715-75G-77DE - \\u041e\\u0431\\u044a\\u0435\\u043c SSD - 512 \\u0413\\u0431\"}}, {\"added\": {\"name\": \"Product characteristic\", \"object\": \"\\u041d\\u043e\\u0443\\u0442\\u0431\\u0443\\u043a ACER Aspire 7 A715-75G-77DE - \\u041e\\u043f\\u0435\\u0440\\u0430\\u0446\\u0438\\u043e\\u043d\\u043d\\u0430\\u044f \\u0441\\u0438\\u0441\\u0442\\u0435\\u043c\\u0430 - Eshell\"}}]"
    }
},
{
    "model": "admin.logentry",
    "pk": 38,
    "fields": {
        "action_time": "2021-08-07T06:56:22.454Z",
        "user": 1,
        "content_type": 8,
        "object_id": "3",
        "object_repr": "Ноутбук ASUS TUF Gaming FX506QM-HN051T",
        "action_flag": 1,
        "change_message": "[{\"added\": {}}, {\"added\": {\"name\": \"Warehouse\", \"object\": \"product: \\u041d\\u043e\\u0443\\u0442\\u0431\\u0443\\u043a ASUS TUF Gaming FX506QM-HN051T, shop: \\u0421\\u0438\\u0442\\u0438\\u043b\\u0438\\u043d\\u043a, price: 1700.0, amount 10\"}}, {\"added\": {\"name\": \"Warehouse\", \"object\": \"product: \\u041d\\u043e\\u0443\\u0442\\u0431\\u0443\\u043a ASUS TUF Gaming FX506QM-HN051T, shop: DNS, price: 1750.0, amount 12\"}}, {\"added\": {\"name\": \"Warehouse\", \"object\": \"product: \\u041d\\u043e\\u0443\\u0442\\u0431\\u0443\\u043a ASUS TUF Gaming FX506QM-HN051T, shop: \\u041c-\\u0412\\u0438\\u0434\\u0435\\u043e, price: 1850.0, amount 12\"}}, {\"added\": {\"name\": \"Product characteristic\", \"object\": \"\\u041d\\u043e\\u0443\\u0442\\u0431\\u0443\\u043a ASUS TUF Gaming FX506QM-HN051T - \\u0414\\u0438\\u0430\\u0433\\u043e\\u043d\\u0430\\u043b\\u044c \\u044d\\u043a\\u0440\\u0430\\u043d\\u0430 - 15.6 \\\"\"}}, {\"added\": {\"name\": \"Product characteristic\", \"object\": \"\\u041d\\u043e\\u0443\\u0442\\u0431\\u0443\\u043a ASUS TUF Gaming FX506QM-HN051T - \\u0420\\u0430\\u0437\\u0440\\u0435\\u0448\\u0435\\u043d\\u0438\\u0435 \\u044d\\u043a\\u0440\\u0430\\u043d\\u0430 - 1920\\u04451080\"}}, {\"added\": {\"name\": \"Product characteristic\", \"object\": \"\\u041d\\u043e\\u0443\\u0442\\u0431\\u0443\\u043a ASUS TUF Gaming FX506QM-HN051T - \\u041f\\u0440\\u043e\\u0446\\u0435\\u0441\\u0441\\u043e\\u0440 - AMD Ryzen 7 5800H\"}}, {\"added\": {\"name\": \"Product characteristic\", \"object\": \"\\u041d\\u043e\\u0443\\u0442\\u0431\\u0443\\u043a ASUS TUF Gaming FX506QM-HN051T - \\u041e\\u043f\\u0435\\u0440\\u0430\\u0442\\u0438\\u0432\\u043d\\u0430\\u044f \\u043f\\u0430\\u043c\\u044f\\u0442\\u044c - 8192 \\u041c\\u0431, DDR4, 3200 \\u041c\\u0413\\u0446\"}}, {\"added\": {\"name\": \"Product characteristic\", \"object\": \"\\u041d\\u043e\\u0443\\u0442\\u0431\\u0443\\u043a ASUS TUF Gaming FX506QM-HN051T - \\u0413\\u0440\\u0430\\u0444\\u0438\\u0447\\u0435\\u0441\\u043a\\u0438\\u0439 \\u043f\\u0440\\u043e\\u0446\\u0435\\u0441\\u0441\\u043e\\u0440 - NVIDIA GeForce RTX 3060 \\u0434\\u043b\\u044f \\u043d\\u043e\\u0443\\u0442\\u0431\\u0443\\u043a\\u043e\\u0432 - 6144 \\u041c\\u0431\"}}, {\"added\": {\"name\": \"Product characteristic\", \"object\": \"\\u041d\\u043e\\u0443\\u0442\\u0431\\u0443\\u043a ASUS TUF Gaming FX506QM-HN051T - \\u041e\\u0431\\u044a\\u0435\\u043c SSD - 512 \\u0413\\u0431\"}}, {\"added\": {\"name\": \"Product characteristic\", \"object\": \"\\u041d\\u043e\\u0443\\u0442\\u0431\\u0443\\u043a ASUS TUF Gaming FX506QM-HN051T - \\u041e\\u043f\\u0435\\u0440\\u0430\\u0446\\u0438\\u043e\\u043d\\u043d\\u0430\\u044f \\u0441\\u0438\\u0441\\u0442\\u0435\\u043c\\u0430 - Windows 10 Home\"}}]"
    }
},
{
    "model": "admin.logentry",
    "pk": 39,
    "fields": {
        "action_time": "2021-08-07T07:01:30.576Z",
        "user": 1,
        "content_type": 8,
        "object_id": "4",
        "object_repr": "Ноутбук APPLE MacBook Air M1 13.3\"",
        "action_flag": 1,
        "change_message": "[{\"added\": {}}, {\"added\": {\"name\": \"Warehouse\", \"object\": \"product: \\u041d\\u043e\\u0443\\u0442\\u0431\\u0443\\u043a APPLE MacBook Air M1 13.3\\\", shop: \\u0421\\u0438\\u0442\\u0438\\u043b\\u0438\\u043d\\u043a, price: 1500.0, amount 10\"}}, {\"added\": {\"name\": \"Warehouse\", \"object\": \"product: \\u041d\\u043e\\u0443\\u0442\\u0431\\u0443\\u043a APPLE MacBook Air M1 13.3\\\", shop: DNS, price: 1500.0, amount 13\"}}, {\"added\": {\"name\": \"Warehouse\", \"object\": \"product: \\u041d\\u043e\\u0443\\u0442\\u0431\\u0443\\u043a APPLE MacBook Air M1 13.3\\\", shop: \\u041c-\\u0412\\u0438\\u0434\\u0435\\u043e, price: 1520.0, amount 10\"}}, {\"added\": {\"name\": \"Product characteristic\", \"object\": \"\\u041d\\u043e\\u0443\\u0442\\u0431\\u0443\\u043a APPLE MacBook Air M1 13.3\\\" - \\u0414\\u0438\\u0430\\u0433\\u043e\\u043d\\u0430\\u043b\\u044c \\u044d\\u043a\\u0440\\u0430\\u043d\\u0430 - 13.3 \\\"\"}}, {\"added\": {\"name\": \"Product characteristic\", \"object\": \"\\u041d\\u043e\\u0443\\u0442\\u0431\\u0443\\u043a APPLE MacBook Air M1 13.3\\\" - \\u0420\\u0430\\u0437\\u0440\\u0435\\u0448\\u0435\\u043d\\u0438\\u0435 \\u044d\\u043a\\u0440\\u0430\\u043d\\u0430 - 2560\\u04451600\"}}, {\"added\": {\"name\": \"Product characteristic\", \"object\": \"\\u041d\\u043e\\u0443\\u0442\\u0431\\u0443\\u043a APPLE MacBook Air M1 13.3\\\" - \\u041f\\u0440\\u043e\\u0446\\u0435\\u0441\\u0441\\u043e\\u0440 - Apple M1\"}}, {\"added\": {\"name\": \"Product characteristic\", \"object\": \"\\u041d\\u043e\\u0443\\u0442\\u0431\\u0443\\u043a APPLE MacBook Air M1 13.3\\\" - \\u041e\\u043f\\u0435\\u0440\\u0430\\u0442\\u0438\\u0432\\u043d\\u0430\\u044f \\u043f\\u0430\\u043c\\u044f\\u0442\\u044c - 8192 \\u041c\\u0431\"}}, {\"added\": {\"name\": \"Product characteristic\", \"object\": \"\\u041d\\u043e\\u0443\\u0442\\u0431\\u0443\\u043a APPLE MacBook Air M1 13.3\\\" - \\u041e\\u0431\\u044a\\u0435\\u043c SSD - 512 \\u0413\\u0431\"}}, {\"added\": {\"name\": \"Product characteristic\", \"object\": \"\\u041d\\u043e\\u0443\\u0442\\u0431\\u0443\\u043a APPLE MacBook Air M1 13.3\\\" - \\u041e\\u043f\\u0435\\u0440\\u0430\\u0446\\u0438\\u043e\\u043d\\u043d\\u0430\\u044f \\u0441\\u0438\\u0441\\u0442\\u0435\\u043c\\u0430 - Mac OS\"}}]"
    }
},
{
    "model": "admin.logentry",
    "pk": 40,
    "fields": {
        "action_time": "2021-08-07T07:04:15.014Z",
        "user": 1,
        "content_type": 8,
        "object_id": "5",
        "object_repr": "Ноутбук APPLE MacBook Pro M1 13.3\"",
        "action_flag": 1,
        "change_message": "[{\"added\": {}}, {\"added\": {\"name\": \"Warehouse\", \"object\": \"product: \\u041d\\u043e\\u0443\\u0442\\u0431\\u0443\\u043a APPLE MacBook Pro M1 13.3\\\", shop: \\u0421\\u0438\\u0442\\u0438\\u043b\\u0438\\u043d\\u043a, price: 2100.0, amount 8\"}}, {\"added\": {\"name\": \"Warehouse\", \"object\": \"product: \\u041d\\u043e\\u0443\\u0442\\u0431\\u0443\\u043a APPLE MacBook Pro M1 13.3\\\", shop: DNS, price: 2100.0, amount 9\"}}, {\"added\": {\"name\": \"Warehouse\", \"object\": \"product: \\u041d\\u043e\\u0443\\u0442\\u0431\\u0443\\u043a APPLE MacBook Pro M1 13.3\\\", shop: \\u041c-\\u0412\\u0438\\u0434\\u0435\\u043e, price: 2150.0, amount 8\"}}, {\"added\": {\"name\": \"Product characteristic\", \"object\": \"\\u041d\\u043e\\u0443\\u0442\\u0431\\u0443\\u043a APPLE MacBook Pro M1 13.3\\\" - \\u0414\\u0438\\u0430\\u0433\\u043e\\u043d\\u0430\\u043b\\u044c \\u044d\\u043a\\u0440\\u0430\\u043d\\u0430 - 13.3 \\\"\"}}, {\"added\": {\"name\": \"Product characteristic\", \"object\": \"\\u041d\\u043e\\u0443\\u0442\\u0431\\u0443\\u043a APPLE MacBook Pro M1 13.3\\\" - \\u0420\\u0430\\u0437\\u0440\\u0435\\u0448\\u0435\\u043d\\u0438\\u0435 \\u044d\\u043a\\u0440\\u0430\\u043d\\u0430 - 2560\\u04451600\"}}, {\"added\": {\"name\": \"Product characteristic\", \"object\": \"\\u041d\\u043e\\u0443\\u0442\\u0431\\u0443\\u043a APPLE MacBook Pro M1 13.3\\\" - \\u041f\\u0440\\u043e\\u0446\\u0435\\u0441\\u0441\\u043e\\u0440 - Apple M1\"}}, {\"added\": {\"name\": \"Product characteristic\", \"object\": \"\\u041d\\u043e\\u0443\\u0442\\u0431\\u0443\\u043a APPLE MacBook Pro M1 13.3\\\" - \\u041e\\u043f\\u0435\\u0440\\u0430\\u0442\\u0438\\u0432\\u043d\\u0430\\u044f \\u043f\\u0430\\u043c\\u044f\\u0442\\u044c - 16384 \\u041c\\u0431\"}}, {\"added\": {\"name\": \"Product characteristic\", \"object\": \"\\u041d\\u043e\\u0443\\u0442\\u0431\\u0443\\u043a APPLE MacBook Pro M1 13.3\\\" - \\u041e\\u0431\\u044a\\u0435\\u043c SSD - 512 \\u0413\\u0431\"}}, {\"added\": {\"name\": \"Product characteristic\", \"object\": \"\\u041d\\u043e\\u0443\\u0442\\u0431\\u0443\\u043a APPLE MacBook Pro M1 13.3\\\" - \\u041e\\u043f\\u0435\\u0440\\u0430\\u0446\\u0438\\u043e\\u043d\\u043d\\u0430\\u044f \\u0441\\u0438\\u0441\\u0442\\u0435\\u043c\\u0430 - Mac OS\"}}]"
    }
},
{
    "model": "admin.logentry",
    "pk": 41,
    "fields": {
        "action_time": "2021-08-07T07:07:38.425Z",
        "user": 1,
        "content_type": 8,
        "object_id": "6",
        "object_repr": "Ноутбук APPLE MacBook Pro 16\"",
        "action_flag": 1,
        "change_message": "[{\"added\": {}}, {\"added\": {\"name\": \"Warehouse\", \"object\": \"product: \\u041d\\u043e\\u0443\\u0442\\u0431\\u0443\\u043a APPLE MacBook Pro 16\\\", shop: \\u0421\\u0438\\u0442\\u0438\\u043b\\u0438\\u043d\\u043a, price: 3200.0, amount 5\"}}, {\"added\": {\"name\": \"Warehouse\", \"object\": \"product: \\u041d\\u043e\\u0443\\u0442\\u0431\\u0443\\u043a APPLE MacBook Pro 16\\\", shop: \\u041c-\\u0412\\u0438\\u0434\\u0435\\u043e, price: 3250.0, amount 6\"}}, {\"added\": {\"name\": \"Product characteristic\", \"object\": \"\\u041d\\u043e\\u0443\\u0442\\u0431\\u0443\\u043a APPLE MacBook Pro 16\\\" - \\u0414\\u0438\\u0430\\u0433\\u043e\\u043d\\u0430\\u043b\\u044c \\u044d\\u043a\\u0440\\u0430\\u043d\\u0430 - 16 \\\"\"}}, {\"added\": {\"name\": \"Product characteristic\", \"object\": \"\\u041d\\u043e\\u0443\\u0442\\u0431\\u0443\\u043a APPLE MacBook Pro 16\\\" - \\u0420\\u0430\\u0437\\u0440\\u0435\\u0448\\u0435\\u043d\\u0438\\u0435 \\u044d\\u043a\\u0440\\u0430\\u043d\\u0430 - 3072\\u04451920\"}}, {\"added\": {\"name\": \"Product characteristic\", \"object\": \"\\u041d\\u043e\\u0443\\u0442\\u0431\\u0443\\u043a APPLE MacBook Pro 16\\\" - \\u041f\\u0440\\u043e\\u0446\\u0435\\u0441\\u0441\\u043e\\u0440 - Intel Core i9 9880H\"}}, {\"added\": {\"name\": \"Product characteristic\", \"object\": \"\\u041d\\u043e\\u0443\\u0442\\u0431\\u0443\\u043a APPLE MacBook Pro 16\\\" - \\u041e\\u043f\\u0435\\u0440\\u0430\\u0442\\u0438\\u0432\\u043d\\u0430\\u044f \\u043f\\u0430\\u043c\\u044f\\u0442\\u044c - 16384 \\u041c\\u0431, DDR4\"}}, {\"added\": {\"name\": \"Product characteristic\", \"object\": \"\\u041d\\u043e\\u0443\\u0442\\u0431\\u0443\\u043a APPLE MacBook Pro 16\\\" - \\u0413\\u0440\\u0430\\u0444\\u0438\\u0447\\u0435\\u0441\\u043a\\u0438\\u0439 \\u043f\\u0440\\u043e\\u0446\\u0435\\u0441\\u0441\\u043e\\u0440 - Radeon Pro 5500M - 8192 \\u041c\\u0431\"}}, {\"added\": {\"name\": \"Product characteristic\", \"object\": \"\\u041d\\u043e\\u0443\\u0442\\u0431\\u0443\\u043a APPLE MacBook Pro 16\\\" - \\u041e\\u0431\\u044a\\u0435\\u043c SSD - 1024 \\u0413\\u0431\"}}, {\"added\": {\"name\": \"Product characteristic\", \"object\": \"\\u041d\\u043e\\u0443\\u0442\\u0431\\u0443\\u043a APPLE MacBook Pro 16\\\" - \\u041e\\u043f\\u0435\\u0440\\u0430\\u0446\\u0438\\u043e\\u043d\\u043d\\u0430\\u044f \\u0441\\u0438\\u0441\\u0442\\u0435\\u043c\\u0430 - macOS\"}}]"
    }
},
{
    "model": "admin.logentry",
    "pk": 42,
    "fields": {
        "action_time": "2021-08-07T07:16:09.023Z",
        "user": 1,
        "content_type": 8,
        "object_id": "7",
        "object_repr": "Ультрабук HONOR MagicBook Pro HLYL-WFQ9",
        "action_flag": 1,
        "change_message": "[{\"added\": {}}, {\"added\": {\"name\": \"Warehouse\", \"object\": \"product: \\u0423\\u043b\\u044c\\u0442\\u0440\\u0430\\u0431\\u0443\\u043a HONOR MagicBook Pro HLYL-WFQ9, shop: \\u0421\\u0438\\u0442\\u0438\\u043b\\u0438\\u043d\\u043a, price: 989.0, amount 25\"}}, {\"added\": {\"name\": \"Warehouse\", \"object\": \"product: \\u0423\\u043b\\u044c\\u0442\\u0440\\u0430\\u0431\\u0443\\u043a HONOR MagicBook Pro HLYL-WFQ9, shop: DNS, price: 1000.0, amount 23\"}}, {\"added\": {\"name\": \"Warehouse\", \"object\": \"product: \\u0423\\u043b\\u044c\\u0442\\u0440\\u0430\\u0431\\u0443\\u043a HONOR MagicBook Pro HLYL-WFQ9, shop: \\u041c-\\u0412\\u0438\\u0434\\u0435\\u043e, price: 1019.0, amount 24\"}}, {\"added\": {\"name\": \"Product characteristic\", \"object\": \"\\u0423\\u043b\\u044c\\u0442\\u0440\\u0430\\u0431\\u0443\\u043a HONOR MagicBook Pro HLYL-WFQ9 - \\u0414\\u0438\\u0430\\u0433\\u043e\\u043d\\u0430\\u043b\\u044c \\u044d\\u043a\\u0440\\u0430\\u043d\\u0430 - 16.1 \\\"\"}}, {\"added\": {\"name\": \"Product characteristic\", \"object\": \"\\u0423\\u043b\\u044c\\u0442\\u0440\\u0430\\u0431\\u0443\\u043a HONOR MagicBook Pro HLYL-WFQ9 - \\u0420\\u0430\\u0437\\u0440\\u0435\\u0448\\u0435\\u043d\\u0438\\u0435 \\u044d\\u043a\\u0440\\u0430\\u043d\\u0430 - 1920\\u04451080\"}}, {\"added\": {\"name\": \"Product characteristic\", \"object\": \"\\u0423\\u043b\\u044c\\u0442\\u0440\\u0430\\u0431\\u0443\\u043a HONOR MagicBook Pro HLYL-WFQ9 - \\u041f\\u0440\\u043e\\u0446\\u0435\\u0441\\u0441\\u043e\\u0440 - AMD Ryzen 5 4600H\"}}, {\"added\": {\"name\": \"Product characteristic\", \"object\": \"\\u0423\\u043b\\u044c\\u0442\\u0440\\u0430\\u0431\\u0443\\u043a HONOR MagicBook Pro HLYL-WFQ9 - \\u041e\\u043f\\u0435\\u0440\\u0430\\u0442\\u0438\\u0432\\u043d\\u0430\\u044f \\u043f\\u0430\\u043c\\u044f\\u0442\\u044c - 16384 \\u041c\\u0431, DDR4\"}}, {\"added\": {\"name\": \"Product characteristic\", \"object\": \"\\u0423\\u043b\\u044c\\u0442\\u0440\\u0430\\u0431\\u0443\\u043a HONOR MagicBook Pro HLYL-WFQ9 - \\u0413\\u0440\\u0430\\u0444\\u0438\\u0447\\u0435\\u0441\\u043a\\u0438\\u0439 \\u043f\\u0440\\u043e\\u0446\\u0435\\u0441\\u0441\\u043e\\u0440 - AMD Radeon\"}}, {\"added\": {\"name\": \"Product characteristic\", \"object\": \"\\u0423\\u043b\\u044c\\u0442\\u0440\\u0430\\u0431\\u0443\\u043a HONOR MagicBook Pro HLYL-WFQ9 - \\u041e\\u0431\\u044a\\u0435\\u043c SSD - 512 \\u0413\\u0431\"}}, {\"added\": {\"name\": \"Product characteristic\", \"object\": \"\\u0423\\u043b\\u044c\\u0442\\u0440\\u0430\\u0431\\u0443\\u043a HONOR MagicBook Pro HLYL-WFQ9 - \\u041e\\u043f\\u0435\\u0440\\u0430\\u0446\\u0438\\u043e\\u043d\\u043d\\u0430\\u044f \\u0441\\u0438\\u0441\\u0442\\u0435\\u043c\\u0430 - Windows 10\"}}]"
    }
},
{
    "model": "admin.logentry",
    "pk": 43,
    "fields": {
        "action_time": "2021-08-07T07:19:05.091Z",
        "user": 1,
        "content_type": 8,
        "object_id": "8",
        "object_repr": "Ноутбук ASUS VivoBook E410MA-EB023T",
        "action_flag": 1,
        "change_message": "[{\"added\": {}}, {\"added\": {\"name\": \"Warehouse\", \"object\": \"product: \\u041d\\u043e\\u0443\\u0442\\u0431\\u0443\\u043a ASUS VivoBook E410MA-EB023T, shop: \\u0421\\u0438\\u0442\\u0438\\u043b\\u0438\\u043d\\u043a, price: 419.0, amount 14\"}}, {\"added\": {\"name\": \"Warehouse\", \"object\": \"product: \\u041d\\u043e\\u0443\\u0442\\u0431\\u0443\\u043a ASUS VivoBook E410MA-EB023T, shop: DNS, price: 425.0, amount 15\"}}, {\"added\": {\"name\": \"Product characteristic\", \"object\": \"\\u041d\\u043e\\u0443\\u0442\\u0431\\u0443\\u043a ASUS VivoBook E410MA-EB023T - \\u0414\\u0438\\u0430\\u0433\\u043e\\u043d\\u0430\\u043b\\u044c \\u044d\\u043a\\u0440\\u0430\\u043d\\u0430 - 14 \\\"\"}}, {\"added\": {\"name\": \"Product characteristic\", \"object\": \"\\u041d\\u043e\\u0443\\u0442\\u0431\\u0443\\u043a ASUS VivoBook E410MA-EB023T - \\u0420\\u0430\\u0437\\u0440\\u0435\\u0448\\u0435\\u043d\\u0438\\u0435 \\u044d\\u043a\\u0440\\u0430\\u043d\\u0430 - 1920\\u04451080\"}}, {\"added\": {\"name\": \"Product characteristic\", \"object\": \"\\u041d\\u043e\\u0443\\u0442\\u0431\\u0443\\u043a ASUS VivoBook E410MA-EB023T - \\u041f\\u0440\\u043e\\u0446\\u0435\\u0441\\u0441\\u043e\\u0440 - Intel Pentium Silver N5030\"}}, {\"added\": {\"name\": \"Product characteristic\", \"object\": \"\\u041d\\u043e\\u0443\\u0442\\u0431\\u0443\\u043a ASUS VivoBook E410MA-EB023T - \\u041e\\u043f\\u0435\\u0440\\u0430\\u0442\\u0438\\u0432\\u043d\\u0430\\u044f \\u043f\\u0430\\u043c\\u044f\\u0442\\u044c - 4096 \\u041c\\u0431, DDR4\"}}, {\"added\": {\"name\": \"Product characteristic\", \"object\": \"\\u041d\\u043e\\u0443\\u0442\\u0431\\u0443\\u043a ASUS VivoBook E410MA-EB023T - \\u0413\\u0440\\u0430\\u0444\\u0438\\u0447\\u0435\\u0441\\u043a\\u0438\\u0439 \\u043f\\u0440\\u043e\\u0446\\u0435\\u0441\\u0441\\u043e\\u0440 - Intel UHD Graphics 605\"}}, {\"added\": {\"name\": \"Product characteristic\", \"object\": \"\\u041d\\u043e\\u0443\\u0442\\u0431\\u0443\\u043a ASUS VivoBook E410MA-EB023T - \\u041e\\u0431\\u044a\\u0435\\u043c SSD - 128 \\u0413\\u0431\"}}, {\"added\": {\"name\": \"Product characteristic\", \"object\": \"\\u041d\\u043e\\u0443\\u0442\\u0431\\u0443\\u043a ASUS VivoBook E410MA-EB023T - \\u041e\\u043f\\u0435\\u0440\\u0430\\u0446\\u0438\\u043e\\u043d\\u043d\\u0430\\u044f \\u0441\\u0438\\u0441\\u0442\\u0435\\u043c\\u0430 - Windows 10\"}}]"
    }
},
{
    "model": "admin.logentry",
    "pk": 44,
    "fields": {
        "action_time": "2021-08-07T07:22:37.248Z",
        "user": 1,
        "content_type": 8,
        "object_id": "9",
        "object_repr": "Рассрочка 0-0-6Скидка на комплект Ноутбук HUAWEI MateBook D 16 HVY-WAP9",
        "action_flag": 1,
        "change_message": "[{\"added\": {}}, {\"added\": {\"name\": \"Warehouse\", \"object\": \"product: \\u0420\\u0430\\u0441\\u0441\\u0440\\u043e\\u0447\\u043a\\u0430 0-0-6\\u0421\\u043a\\u0438\\u0434\\u043a\\u0430 \\u043d\\u0430 \\u043a\\u043e\\u043c\\u043f\\u043b\\u0435\\u043a\\u0442 \\u041d\\u043e\\u0443\\u0442\\u0431\\u0443\\u043a HUAWEI MateBook D 16 HVY-WAP9, shop: \\u0421\\u0438\\u0442\\u0438\\u043b\\u0438\\u043d\\u043a, price: 990.0, amount 18\"}}, {\"added\": {\"name\": \"Warehouse\", \"object\": \"product: \\u0420\\u0430\\u0441\\u0441\\u0440\\u043e\\u0447\\u043a\\u0430 0-0-6\\u0421\\u043a\\u0438\\u0434\\u043a\\u0430 \\u043d\\u0430 \\u043a\\u043e\\u043c\\u043f\\u043b\\u0435\\u043a\\u0442 \\u041d\\u043e\\u0443\\u0442\\u0431\\u0443\\u043a HUAWEI MateBook D 16 HVY-WAP9, shop: DNS, price: 1000.0, amount 20\"}}, {\"added\": {\"name\": \"Warehouse\", \"object\": \"product: \\u0420\\u0430\\u0441\\u0441\\u0440\\u043e\\u0447\\u043a\\u0430 0-0-6\\u0421\\u043a\\u0438\\u0434\\u043a\\u0430 \\u043d\\u0430 \\u043a\\u043e\\u043c\\u043f\\u043b\\u0435\\u043a\\u0442 \\u041d\\u043e\\u0443\\u0442\\u0431\\u0443\\u043a HUAWEI MateBook D 16 HVY-WAP9, shop: \\u041c-\\u0412\\u0438\\u0434\\u0435\\u043e, price: 1019.0, amount 16\"}}, {\"added\": {\"name\": \"Product characteristic\", \"object\": \"\\u0420\\u0430\\u0441\\u0441\\u0440\\u043e\\u0447\\u043a\\u0430 0-0-6\\u0421\\u043a\\u0438\\u0434\\u043a\\u0430 \\u043d\\u0430 \\u043a\\u043e\\u043c\\u043f\\u043b\\u0435\\u043a\\u0442 \\u041d\\u043e\\u0443\\u0442\\u0431\\u0443\\u043a HUAWEI MateBook D 16 HVY-WAP9 - \\u0414\\u0438\\u0430\\u0433\\u043e\\u043d\\u0430\\u043b\\u044c \\u044d\\u043a\\u0440\\u0430\\u043d\\u0430 - 16.1 \\\"\"}}, {\"added\": {\"name\": \"Product characteristic\", \"object\": \"\\u0420\\u0430\\u0441\\u0441\\u0440\\u043e\\u0447\\u043a\\u0430 0-0-6\\u0421\\u043a\\u0438\\u0434\\u043a\\u0430 \\u043d\\u0430 \\u043a\\u043e\\u043c\\u043f\\u043b\\u0435\\u043a\\u0442 \\u041d\\u043e\\u0443\\u0442\\u0431\\u0443\\u043a HUAWEI MateBook D 16 HVY-WAP9 - \\u0420\\u0430\\u0437\\u0440\\u0435\\u0448\\u0435\\u043d\\u0438\\u0435 \\u044d\\u043a\\u0440\\u0430\\u043d\\u0430 - 1920\\u04451080\"}}, {\"added\": {\"name\": \"Product characteristic\", \"object\": \"\\u0420\\u0430\\u0441\\u0441\\u0440\\u043e\\u0447\\u043a\\u0430 0-0-6\\u0421\\u043a\\u0438\\u0434\\u043a\\u0430 \\u043d\\u0430 \\u043a\\u043e\\u043c\\u043f\\u043b\\u0435\\u043a\\u0442 \\u041d\\u043e\\u0443\\u0442\\u0431\\u0443\\u043a HUAWEI MateBook D 16 HVY-WAP9 - \\u041f\\u0440\\u043e\\u0446\\u0435\\u0441\\u0441\\u043e\\u0440 - AMD Ryzen 5 4600H\"}}, {\"added\": {\"name\": \"Product characteristic\", \"object\": \"\\u0420\\u0430\\u0441\\u0441\\u0440\\u043e\\u0447\\u043a\\u0430 0-0-6\\u0421\\u043a\\u0438\\u0434\\u043a\\u0430 \\u043d\\u0430 \\u043a\\u043e\\u043c\\u043f\\u043b\\u0435\\u043a\\u0442 \\u041d\\u043e\\u0443\\u0442\\u0431\\u0443\\u043a HUAWEI MateBook D 16 HVY-WAP9 - \\u041e\\u043f\\u0435\\u0440\\u0430\\u0442\\u0438\\u0432\\u043d\\u0430\\u044f \\u043f\\u0430\\u043c\\u044f\\u0442\\u044c - 16384 \\u041c\\u0431, DDR4\"}}, {\"added\": {\"name\": \"Product characteristic\", \"object\": \"\\u0420\\u0430\\u0441\\u0441\\u0440\\u043e\\u0447\\u043a\\u0430 0-0-6\\u0421\\u043a\\u0438\\u0434\\u043a\\u0430 \\u043d\\u0430 \\u043a\\u043e\\u043c\\u043f\\u043b\\u0435\\u043a\\u0442 \\u041d\\u043e\\u0443\\u0442\\u0431\\u0443\\u043a HUAWEI MateBook D 16 HVY-WAP9 - \\u0413\\u0440\\u0430\\u0444\\u0438\\u0447\\u0435\\u0441\\u043a\\u0438\\u0439 \\u043f\\u0440\\u043e\\u0446\\u0435\\u0441\\u0441\\u043e\\u0440 - AMD Radeon\"}}, {\"added\": {\"name\": \"Product characteristic\", \"object\": \"\\u0420\\u0430\\u0441\\u0441\\u0440\\u043e\\u0447\\u043a\\u0430 0-0-6\\u0421\\u043a\\u0438\\u0434\\u043a\\u0430 \\u043d\\u0430 \\u043a\\u043e\\u043c\\u043f\\u043b\\u0435\\u043a\\u0442 \\u041d\\u043e\\u0443\\u0442\\u0431\\u0443\\u043a HUAWEI MateBook D 16 HVY-WAP9 - \\u041e\\u0431\\u044a\\u0435\\u043c SSD - 512 \\u0413\\u0431\"}}, {\"added\": {\"name\": \"Product characteristic\", \"object\": \"\\u0420\\u0430\\u0441\\u0441\\u0440\\u043e\\u0447\\u043a\\u0430 0-0-6\\u0421\\u043a\\u0438\\u0434\\u043a\\u0430 \\u043d\\u0430 \\u043a\\u043e\\u043c\\u043f\\u043b\\u0435\\u043a\\u0442 \\u041d\\u043e\\u0443\\u0442\\u0431\\u0443\\u043a HUAWEI MateBook D 16 HVY-WAP9 - \\u041e\\u043f\\u0435\\u0440\\u0430\\u0446\\u0438\\u043e\\u043d\\u043d\\u0430\\u044f \\u0441\\u0438\\u0441\\u0442\\u0435\\u043c\\u0430 - Windows 10 Home\"}}]"
    }
},
{
    "model": "admin.logentry",
    "pk": 45,
    "fields": {
        "action_time": "2021-08-08T06:45:58.903Z",
        "user": 1,
        "content_type": 8,
        "object_id": "10",
        "object_repr": "Планшет Microsoft Surface Go 2 Pentium 8Gb 128Gb",
        "action_flag": 1,
        "change_message": "[{\"added\": {}}, {\"added\": {\"name\": \"Warehouse\", \"object\": \"product: \\u041f\\u043b\\u0430\\u043d\\u0448\\u0435\\u0442 Microsoft Surface Go 2 Pentium 8Gb 128Gb, shop: DNS, price: 1050.0, amount 3\"}}, {\"added\": {\"name\": \"Product characteristic\", \"object\": \"\\u041f\\u043b\\u0430\\u043d\\u0448\\u0435\\u0442 Microsoft Surface Go 2 Pentium 8Gb 128Gb - \\u0414\\u0438\\u0430\\u0433\\u043e\\u043d\\u0430\\u043b\\u044c \\u044d\\u043a\\u0440\\u0430\\u043d\\u0430 - 10.5\\\"\"}}, {\"added\": {\"name\": \"Product characteristic\", \"object\": \"\\u041f\\u043b\\u0430\\u043d\\u0448\\u0435\\u0442 Microsoft Surface Go 2 Pentium 8Gb 128Gb - \\u0420\\u0430\\u0437\\u0440\\u0435\\u0448\\u0435\\u043d\\u0438\\u0435 \\u044d\\u043a\\u0440\\u0430\\u043d\\u0430 - 1920x1280\"}}, {\"added\": {\"name\": \"Product characteristic\", \"object\": \"\\u041f\\u043b\\u0430\\u043d\\u0448\\u0435\\u0442 Microsoft Surface Go 2 Pentium 8Gb 128Gb - \\u041f\\u0440\\u043e\\u0446\\u0435\\u0441\\u0441\\u043e\\u0440 - 1700 \\u041c\\u0413\\u0446\"}}, {\"added\": {\"name\": \"Product characteristic\", \"object\": \"\\u041f\\u043b\\u0430\\u043d\\u0448\\u0435\\u0442 Microsoft Surface Go 2 Pentium 8Gb 128Gb - \\u041e\\u043f\\u0435\\u0440\\u0430\\u0442\\u0438\\u0432\\u043d\\u0430\\u044f \\u043f\\u0430\\u043c\\u044f\\u0442\\u044c - 8 \\u0413\\u0411\"}}, {\"added\": {\"name\": \"Product characteristic\", \"object\": \"\\u041f\\u043b\\u0430\\u043d\\u0448\\u0435\\u0442 Microsoft Surface Go 2 Pentium 8Gb 128Gb - \\u041e\\u0431\\u044a\\u0435\\u043c SSD - 128 \\u0413\\u0411\"}}, {\"added\": {\"name\": \"Product characteristic\", \"object\": \"\\u041f\\u043b\\u0430\\u043d\\u0448\\u0435\\u0442 Microsoft Surface Go 2 Pentium 8Gb 128Gb - \\u041e\\u043f\\u0435\\u0440\\u0430\\u0446\\u0438\\u043e\\u043d\\u043d\\u0430\\u044f \\u0441\\u0438\\u0441\\u0442\\u0435\\u043c\\u0430 - Windows 10\"}}]"
    }
},
{
    "model": "admin.logentry",
    "pk": 46,
    "fields": {
        "action_time": "2021-08-08T06:49:07.220Z",
        "user": 1,
        "content_type": 8,
        "object_id": "11",
        "object_repr": "Планшет Microsoft Surface Pro 7 Intel Core i5 8GB/128GB",
        "action_flag": 1,
        "change_message": "[{\"added\": {}}, {\"added\": {\"name\": \"Warehouse\", \"object\": \"product: \\u041f\\u043b\\u0430\\u043d\\u0448\\u0435\\u0442 Microsoft Surface Pro 7 Intel Core i5 8GB/128GB, shop: DNS, price: 1500.0, amount 4\"}}, {\"added\": {\"name\": \"Product characteristic\", \"object\": \"\\u041f\\u043b\\u0430\\u043d\\u0448\\u0435\\u0442 Microsoft Surface Pro 7 Intel Core i5 8GB/128GB - \\u041f\\u0440\\u043e\\u0446\\u0435\\u0441\\u0441\\u043e\\u0440 - Intel Core i5\"}}, {\"added\": {\"name\": \"Product characteristic\", \"object\": \"\\u041f\\u043b\\u0430\\u043d\\u0448\\u0435\\u0442 Microsoft Surface Pro 7 Intel Core i5 8GB/128GB - \\u041e\\u043f\\u0435\\u0440\\u0430\\u0442\\u0438\\u0432\\u043d\\u0430\\u044f \\u043f\\u0430\\u043c\\u044f\\u0442\\u044c - 8GB\"}}, {\"added\": {\"name\": \"Product characteristic\", \"object\": \"\\u041f\\u043b\\u0430\\u043d\\u0448\\u0435\\u0442 Microsoft Surface Pro 7 Intel Core i5 8GB/128GB - \\u041e\\u0431\\u044a\\u0435\\u043c SSD - 128GB\"}}, {\"added\": {\"name\": \"Product characteristic\", \"object\": \"\\u041f\\u043b\\u0430\\u043d\\u0448\\u0435\\u0442 Microsoft Surface Pro 7 Intel Core i5 8GB/128GB - \\u041e\\u043f\\u0435\\u0440\\u0430\\u0446\\u0438\\u043e\\u043d\\u043d\\u0430\\u044f \\u0441\\u0438\\u0441\\u0442\\u0435\\u043c\\u0430 - Windows 10\"}}]"
    }
},
{
    "model": "admin.logentry",
    "pk": 47,
    "fields": {
        "action_time": "2021-08-08T06:49:26.658Z",
        "user": 1,
        "content_type": 8,
        "object_id": "10",
        "object_repr": "Планшет Microsoft Surface Go 2 Pentium 8Gb 128Gb",
        "action_flag": 2,
        "change_message": "[{\"changed\": {\"name\": \"Product characteristic\", \"object\": \"\\u041f\\u043b\\u0430\\u043d\\u0448\\u0435\\u0442 Microsoft Surface Go 2 Pentium 8Gb 128Gb - \\u041f\\u0440\\u043e\\u0446\\u0435\\u0441\\u0441\\u043e\\u0440 - Pentium 1700 \\u041c\\u0413\\u0446\", \"fields\": [\"Characteristic value\"]}}]"
    }
},
{
    "model": "admin.logentry",
    "pk": 48,
    "fields": {
        "action_time": "2021-08-08T06:52:03.659Z",
        "user": 1,
        "content_type": 8,
        "object_id": "12",
        "object_repr": "Планшет Microsoft Surface Pro X MSQ2 16Gb 256Gb",
        "action_flag": 1,
        "change_message": "[{\"added\": {}}, {\"added\": {\"name\": \"Warehouse\", \"object\": \"product: \\u041f\\u043b\\u0430\\u043d\\u0448\\u0435\\u0442 Microsoft Surface Pro X MSQ2 16Gb 256Gb, shop: DNS, price: 2300.0, amount 2\"}}, {\"added\": {\"name\": \"Product characteristic\", \"object\": \"\\u041f\\u043b\\u0430\\u043d\\u0448\\u0435\\u0442 Microsoft Surface Pro X MSQ2 16Gb 256Gb - \\u0414\\u0438\\u0430\\u0433\\u043e\\u043d\\u0430\\u043b\\u044c \\u044d\\u043a\\u0440\\u0430\\u043d\\u0430 - 13\\\"\"}}, {\"added\": {\"name\": \"Product characteristic\", \"object\": \"\\u041f\\u043b\\u0430\\u043d\\u0448\\u0435\\u0442 Microsoft Surface Pro X MSQ2 16Gb 256Gb - \\u0420\\u0430\\u0437\\u0440\\u0435\\u0448\\u0435\\u043d\\u0438\\u0435 \\u044d\\u043a\\u0440\\u0430\\u043d\\u0430 - 2880x1920\"}}, {\"added\": {\"name\": \"Product characteristic\", \"object\": \"\\u041f\\u043b\\u0430\\u043d\\u0448\\u0435\\u0442 Microsoft Surface Pro X MSQ2 16Gb 256Gb - \\u041f\\u0440\\u043e\\u0446\\u0435\\u0441\\u0441\\u043e\\u0440 - Microsoft SQ2 3100 \\u041c\\u0413\\u0446\"}}, {\"added\": {\"name\": \"Product characteristic\", \"object\": \"\\u041f\\u043b\\u0430\\u043d\\u0448\\u0435\\u0442 Microsoft Surface Pro X MSQ2 16Gb 256Gb - \\u041e\\u043f\\u0435\\u0440\\u0430\\u0442\\u0438\\u0432\\u043d\\u0430\\u044f \\u043f\\u0430\\u043c\\u044f\\u0442\\u044c - 16 \\u0413\\u0411 LPDDR4X 2133 \\u041c\\u0413\\u0446\"}}, {\"added\": {\"name\": \"Product characteristic\", \"object\": \"\\u041f\\u043b\\u0430\\u043d\\u0448\\u0435\\u0442 Microsoft Surface Pro X MSQ2 16Gb 256Gb - \\u041e\\u0431\\u044a\\u0435\\u043c SSD - 256 \\u0413\\u0411\"}}, {\"added\": {\"name\": \"Product characteristic\", \"object\": \"\\u041f\\u043b\\u0430\\u043d\\u0448\\u0435\\u0442 Microsoft Surface Pro X MSQ2 16Gb 256Gb - \\u041e\\u043f\\u0435\\u0440\\u0430\\u0446\\u0438\\u043e\\u043d\\u043d\\u0430\\u044f \\u0441\\u0438\\u0441\\u0442\\u0435\\u043c\\u0430 - Windows 10\"}}]"
    }
},
{
    "model": "admin.logentry",
    "pk": 49,
    "fields": {
        "action_time": "2021-08-08T06:58:02.160Z",
        "user": 1,
        "content_type": 8,
        "object_id": "13",
        "object_repr": "Компьютер HP Pavilion TG01-1005ur",
        "action_flag": 1,
        "change_message": "[{\"added\": {}}, {\"added\": {\"name\": \"Warehouse\", \"object\": \"product: \\u041a\\u043e\\u043c\\u043f\\u044c\\u044e\\u0442\\u0435\\u0440 HP Pavilion TG01-1005ur, shop: \\u0421\\u0438\\u0442\\u0438\\u043b\\u0438\\u043d\\u043a, price: 849.0, amount 5\"}}, {\"added\": {\"name\": \"Warehouse\", \"object\": \"product: \\u041a\\u043e\\u043c\\u043f\\u044c\\u044e\\u0442\\u0435\\u0440 HP Pavilion TG01-1005ur, shop: DNS, price: 870.0, amount 6\"}}, {\"added\": {\"name\": \"Product characteristic\", \"object\": \"\\u041a\\u043e\\u043c\\u043f\\u044c\\u044e\\u0442\\u0435\\u0440 HP Pavilion TG01-1005ur - \\u041f\\u0440\\u043e\\u0446\\u0435\\u0441\\u0441\\u043e\\u0440 - Intel Core i5 10400F\"}}, {\"added\": {\"name\": \"Product characteristic\", \"object\": \"\\u041a\\u043e\\u043c\\u043f\\u044c\\u044e\\u0442\\u0435\\u0440 HP Pavilion TG01-1005ur - \\u041e\\u043f\\u0435\\u0440\\u0430\\u0442\\u0438\\u0432\\u043d\\u0430\\u044f \\u043f\\u0430\\u043c\\u044f\\u0442\\u044c - DIMM, DDR4 8192 \\u041c\\u0431 2666 \\u041c\\u0413\\u0446\"}}, {\"added\": {\"name\": \"Product characteristic\", \"object\": \"\\u041a\\u043e\\u043c\\u043f\\u044c\\u044e\\u0442\\u0435\\u0440 HP Pavilion TG01-1005ur - \\u0413\\u0440\\u0430\\u0444\\u0438\\u0447\\u0435\\u0441\\u043a\\u0438\\u0439 \\u043f\\u0440\\u043e\\u0446\\u0435\\u0441\\u0441\\u043e\\u0440 - NVIDIA GeForce GTX 1650 - 4096 \\u041c\\u0431\"}}, {\"added\": {\"name\": \"Product characteristic\", \"object\": \"\\u041a\\u043e\\u043c\\u043f\\u044c\\u044e\\u0442\\u0435\\u0440 HP Pavilion TG01-1005ur - \\u041e\\u0431\\u044a\\u0435\\u043c SSD - 512 \\u0413\\u0411\"}}, {\"added\": {\"name\": \"Product characteristic\", \"object\": \"\\u041a\\u043e\\u043c\\u043f\\u044c\\u044e\\u0442\\u0435\\u0440 HP Pavilion TG01-1005ur - \\u041e\\u043f\\u0435\\u0440\\u0430\\u0446\\u0438\\u043e\\u043d\\u043d\\u0430\\u044f \\u0441\\u0438\\u0441\\u0442\\u0435\\u043c\\u0430 - Windows 10\"}}]"
    }
},
{
    "model": "admin.logentry",
    "pk": 50,
    "fields": {
        "action_time": "2021-08-08T07:00:31.004Z",
        "user": 1,
        "content_type": 8,
        "object_id": "14",
        "object_repr": "Компьютер IRU Game 527",
        "action_flag": 1,
        "change_message": "[{\"added\": {}}, {\"added\": {\"name\": \"Warehouse\", \"object\": \"product: \\u041a\\u043e\\u043c\\u043f\\u044c\\u044e\\u0442\\u0435\\u0440 IRU Game 527, shop: \\u0421\\u0438\\u0442\\u0438\\u043b\\u0438\\u043d\\u043a, price: 1150.0, amount 3\"}}, {\"added\": {\"name\": \"Warehouse\", \"object\": \"product: \\u041a\\u043e\\u043c\\u043f\\u044c\\u044e\\u0442\\u0435\\u0440 IRU Game 527, shop: DNS, price: 1189.0, amount 6\"}}, {\"added\": {\"name\": \"Product characteristic\", \"object\": \"\\u041a\\u043e\\u043c\\u043f\\u044c\\u044e\\u0442\\u0435\\u0440 IRU Game 527 - \\u041f\\u0440\\u043e\\u0446\\u0435\\u0441\\u0441\\u043e\\u0440 - AMD Ryzen 7 2700\"}}, {\"added\": {\"name\": \"Product characteristic\", \"object\": \"\\u041a\\u043e\\u043c\\u043f\\u044c\\u044e\\u0442\\u0435\\u0440 IRU Game 527 - \\u041e\\u043f\\u0435\\u0440\\u0430\\u0442\\u0438\\u0432\\u043d\\u0430\\u044f \\u043f\\u0430\\u043c\\u044f\\u0442\\u044c - DIMM, DDR4 16384 \\u041c\\u0431 2400 \\u041c\\u0413\\u0446\"}}, {\"added\": {\"name\": \"Product characteristic\", \"object\": \"\\u041a\\u043e\\u043c\\u043f\\u044c\\u044e\\u0442\\u0435\\u0440 IRU Game 527 - \\u0413\\u0440\\u0430\\u0444\\u0438\\u0447\\u0435\\u0441\\u043a\\u0438\\u0439 \\u043f\\u0440\\u043e\\u0446\\u0435\\u0441\\u0441\\u043e\\u0440 - NVIDIA GeForce GTX 1660 Super - 6144 \\u041c\\u0431\"}}, {\"added\": {\"name\": \"Product characteristic\", \"object\": \"\\u041a\\u043e\\u043c\\u043f\\u044c\\u044e\\u0442\\u0435\\u0440 IRU Game 527 - \\u041e\\u0431\\u044a\\u0435\\u043c HDD - 1024 \\u0413\\u0431, 7200 \\u043e\\u0431/\\u043c\\u0438\\u043d\"}}, {\"added\": {\"name\": \"Product characteristic\", \"object\": \"\\u041a\\u043e\\u043c\\u043f\\u044c\\u044e\\u0442\\u0435\\u0440 IRU Game 527 - \\u041e\\u0431\\u044a\\u0435\\u043c SSD - 240 \\u0413\\u0411\"}}, {\"added\": {\"name\": \"Product characteristic\", \"object\": \"\\u041a\\u043e\\u043c\\u043f\\u044c\\u044e\\u0442\\u0435\\u0440 IRU Game 527 - \\u041e\\u043f\\u0435\\u0440\\u0430\\u0446\\u0438\\u043e\\u043d\\u043d\\u0430\\u044f \\u0441\\u0438\\u0441\\u0442\\u0435\\u043c\\u0430 - Windows 10 Home\"}}]"
    }
},
{
    "model": "admin.logentry",
    "pk": 51,
    "fields": {
        "action_time": "2021-08-08T07:02:47.149Z",
        "user": 1,
        "content_type": 8,
        "object_id": "15",
        "object_repr": "Компьютер ACER Aspire TC-895",
        "action_flag": 1,
        "change_message": "[{\"added\": {}}, {\"added\": {\"name\": \"Warehouse\", \"object\": \"product: \\u041a\\u043e\\u043c\\u043f\\u044c\\u044e\\u0442\\u0435\\u0440 ACER Aspire TC-895, shop: \\u0421\\u0438\\u0442\\u0438\\u043b\\u0438\\u043d\\u043a, price: 650.0, amount 4\"}}, {\"added\": {\"name\": \"Warehouse\", \"object\": \"product: \\u041a\\u043e\\u043c\\u043f\\u044c\\u044e\\u0442\\u0435\\u0440 ACER Aspire TC-895, shop: \\u041c-\\u0412\\u0438\\u0434\\u0435\\u043e, price: 700.0, amount 3\"}}, {\"added\": {\"name\": \"Product characteristic\", \"object\": \"\\u041a\\u043e\\u043c\\u043f\\u044c\\u044e\\u0442\\u0435\\u0440 ACER Aspire TC-895 - \\u041f\\u0440\\u043e\\u0446\\u0435\\u0441\\u0441\\u043e\\u0440 - Intel Core i3 10100\"}}, {\"added\": {\"name\": \"Product characteristic\", \"object\": \"\\u041a\\u043e\\u043c\\u043f\\u044c\\u044e\\u0442\\u0435\\u0440 ACER Aspire TC-895 - \\u041e\\u043f\\u0435\\u0440\\u0430\\u0442\\u0438\\u0432\\u043d\\u0430\\u044f \\u043f\\u0430\\u043c\\u044f\\u0442\\u044c - DIMM, DDR4 8192 \\u041c\\u0431 2400 \\u041c\\u0413\\u0446\"}}, {\"added\": {\"name\": \"Product characteristic\", \"object\": \"\\u041a\\u043e\\u043c\\u043f\\u044c\\u044e\\u0442\\u0435\\u0440 ACER Aspire TC-895 - \\u0413\\u0440\\u0430\\u0444\\u0438\\u0447\\u0435\\u0441\\u043a\\u0438\\u0439 \\u043f\\u0440\\u043e\\u0446\\u0435\\u0441\\u0441\\u043e\\u0440 - NVIDIA GeForce GTX1650 - 4096 \\u041c\\u0431\"}}, {\"added\": {\"name\": \"Product characteristic\", \"object\": \"\\u041a\\u043e\\u043c\\u043f\\u044c\\u044e\\u0442\\u0435\\u0440 ACER Aspire TC-895 - \\u041e\\u0431\\u044a\\u0435\\u043c HDD - 1000 \\u0413\\u0431, 7200 \\u043e\\u0431/\\u043c\\u0438\\u043d, SATA\"}}, {\"added\": {\"name\": \"Product characteristic\", \"object\": \"\\u041a\\u043e\\u043c\\u043f\\u044c\\u044e\\u0442\\u0435\\u0440 ACER Aspire TC-895 - \\u041e\\u043f\\u0435\\u0440\\u0430\\u0446\\u0438\\u043e\\u043d\\u043d\\u0430\\u044f \\u0441\\u0438\\u0441\\u0442\\u0435\\u043c\\u0430 - Windows 10\"}}]"
    }
},
{
    "model": "admin.logentry",
    "pk": 52,
    "fields": {
        "action_time": "2021-08-08T07:08:16.012Z",
        "user": 1,
        "content_type": 8,
        "object_id": "16",
        "object_repr": "Компьютер ACER Aspire XC-895",
        "action_flag": 1,
        "change_message": "[{\"added\": {}}, {\"added\": {\"name\": \"Warehouse\", \"object\": \"product: \\u041a\\u043e\\u043c\\u043f\\u044c\\u044e\\u0442\\u0435\\u0440 ACER Aspire XC-895, shop: \\u0421\\u0438\\u0442\\u0438\\u043b\\u0438\\u043d\\u043a, price: 450.0, amount 5\"}}, {\"added\": {\"name\": \"Warehouse\", \"object\": \"product: \\u041a\\u043e\\u043c\\u043f\\u044c\\u044e\\u0442\\u0435\\u0440 ACER Aspire XC-895, shop: DNS, price: 459.0, amount 4\"}}, {\"added\": {\"name\": \"Warehouse\", \"object\": \"product: \\u041a\\u043e\\u043c\\u043f\\u044c\\u044e\\u0442\\u0435\\u0440 ACER Aspire XC-895, shop: \\u041c-\\u0412\\u0438\\u0434\\u0435\\u043e, price: 469.0, amount 4\"}}, {\"added\": {\"name\": \"Product characteristic\", \"object\": \"\\u041a\\u043e\\u043c\\u043f\\u044c\\u044e\\u0442\\u0435\\u0440 ACER Aspire XC-895 - \\u041f\\u0440\\u043e\\u0446\\u0435\\u0441\\u0441\\u043e\\u0440 - Intel Core i5 10400\"}}, {\"added\": {\"name\": \"Product characteristic\", \"object\": \"\\u041a\\u043e\\u043c\\u043f\\u044c\\u044e\\u0442\\u0435\\u0440 ACER Aspire XC-895 - \\u041e\\u043f\\u0435\\u0440\\u0430\\u0442\\u0438\\u0432\\u043d\\u0430\\u044f \\u043f\\u0430\\u043c\\u044f\\u0442\\u044c - DIMM, DDR4 16384 \\u041c\\u0431\"}}, {\"added\": {\"name\": \"Product characteristic\", \"object\": \"\\u041a\\u043e\\u043c\\u043f\\u044c\\u044e\\u0442\\u0435\\u0440 ACER Aspire XC-895 - \\u0413\\u0440\\u0430\\u0444\\u0438\\u0447\\u0435\\u0441\\u043a\\u0438\\u0439 \\u043f\\u0440\\u043e\\u0446\\u0435\\u0441\\u0441\\u043e\\u0440 - Intel UHD Graphics 630\"}}, {\"added\": {\"name\": \"Product characteristic\", \"object\": \"\\u041a\\u043e\\u043c\\u043f\\u044c\\u044e\\u0442\\u0435\\u0440 ACER Aspire XC-895 - \\u041e\\u0431\\u044a\\u0435\\u043c SSD - 512 \\u0413\\u0411\"}}, {\"added\": {\"name\": \"Product characteristic\", \"object\": \"\\u041a\\u043e\\u043c\\u043f\\u044c\\u044e\\u0442\\u0435\\u0440 ACER Aspire XC-895 - \\u041e\\u043f\\u0435\\u0440\\u0430\\u0446\\u0438\\u043e\\u043d\\u043d\\u0430\\u044f \\u0441\\u0438\\u0441\\u0442\\u0435\\u043c\\u0430 - Endless\"}}]"
    }
},
{
    "model": "admin.logentry",
    "pk": 53,
    "fields": {
        "action_time": "2021-08-08T07:10:27.243Z",
        "user": 1,
        "content_type": 8,
        "object_id": "17",
        "object_repr": "Компьютер DELL Vostro 3681",
        "action_flag": 1,
        "change_message": "[{\"added\": {}}, {\"added\": {\"name\": \"Warehouse\", \"object\": \"product: \\u041a\\u043e\\u043c\\u043f\\u044c\\u044e\\u0442\\u0435\\u0440 DELL Vostro 3681, shop: \\u0421\\u0438\\u0442\\u0438\\u043b\\u0438\\u043d\\u043a, price: 600.0, amount 3\"}}, {\"added\": {\"name\": \"Warehouse\", \"object\": \"product: \\u041a\\u043e\\u043c\\u043f\\u044c\\u044e\\u0442\\u0435\\u0440 DELL Vostro 3681, shop: \\u041c-\\u0412\\u0438\\u0434\\u0435\\u043e, price: 640.0, amount 4\"}}, {\"added\": {\"name\": \"Product characteristic\", \"object\": \"\\u041a\\u043e\\u043c\\u043f\\u044c\\u044e\\u0442\\u0435\\u0440 DELL Vostro 3681 - \\u041f\\u0440\\u043e\\u0446\\u0435\\u0441\\u0441\\u043e\\u0440 - Intel Core i5 10400\"}}, {\"added\": {\"name\": \"Product characteristic\", \"object\": \"\\u041a\\u043e\\u043c\\u043f\\u044c\\u044e\\u0442\\u0435\\u0440 DELL Vostro 3681 - \\u041e\\u043f\\u0435\\u0440\\u0430\\u0442\\u0438\\u0432\\u043d\\u0430\\u044f \\u043f\\u0430\\u043c\\u044f\\u0442\\u044c - DIMM, DDR4 8192 \\u041c\\u0431 2666 \\u041c\\u0413\\u0446\"}}, {\"added\": {\"name\": \"Product characteristic\", \"object\": \"\\u041a\\u043e\\u043c\\u043f\\u044c\\u044e\\u0442\\u0435\\u0440 DELL Vostro 3681 - \\u0413\\u0440\\u0430\\u0444\\u0438\\u0447\\u0435\\u0441\\u043a\\u0438\\u0439 \\u043f\\u0440\\u043e\\u0446\\u0435\\u0441\\u0441\\u043e\\u0440 - Intel UHD Graphics 630\"}}, {\"added\": {\"name\": \"Product characteristic\", \"object\": \"\\u041a\\u043e\\u043c\\u043f\\u044c\\u044e\\u0442\\u0435\\u0440 DELL Vostro 3681 - \\u041e\\u0431\\u044a\\u0435\\u043c SSD - 512 \\u0413\\u0411\"}}, {\"added\": {\"name\": \"Product characteristic\", \"object\": \"\\u041a\\u043e\\u043c\\u043f\\u044c\\u044e\\u0442\\u0435\\u0440 DELL Vostro 3681 - \\u041e\\u043f\\u0435\\u0440\\u0430\\u0446\\u0438\\u043e\\u043d\\u043d\\u0430\\u044f \\u0441\\u0438\\u0441\\u0442\\u0435\\u043c\\u0430 - Linux\"}}]"
    }
},
{
    "model": "admin.logentry",
    "pk": 54,
    "fields": {
        "action_time": "2021-08-08T07:12:25.326Z",
        "user": 1,
        "content_type": 8,
        "object_id": "18",
        "object_repr": "Компьютер IRU Office 317",
        "action_flag": 1,
        "change_message": "[{\"added\": {}}, {\"added\": {\"name\": \"Warehouse\", \"object\": \"product: \\u041a\\u043e\\u043c\\u043f\\u044c\\u044e\\u0442\\u0435\\u0440 IRU Office 317, shop: \\u0421\\u0438\\u0442\\u0438\\u043b\\u0438\\u043d\\u043a, price: 600.0, amount 4\"}}, {\"added\": {\"name\": \"Warehouse\", \"object\": \"product: \\u041a\\u043e\\u043c\\u043f\\u044c\\u044e\\u0442\\u0435\\u0440 IRU Office 317, shop: DNS, price: 619.0, amount 5\"}}, {\"added\": {\"name\": \"Product characteristic\", \"object\": \"\\u041a\\u043e\\u043c\\u043f\\u044c\\u044e\\u0442\\u0435\\u0440 IRU Office 317 - \\u041f\\u0440\\u043e\\u0446\\u0435\\u0441\\u0441\\u043e\\u0440 - Intel Core i7 8700\"}}, {\"added\": {\"name\": \"Product characteristic\", \"object\": \"\\u041a\\u043e\\u043c\\u043f\\u044c\\u044e\\u0442\\u0435\\u0440 IRU Office 317 - \\u041e\\u043f\\u0435\\u0440\\u0430\\u0442\\u0438\\u0432\\u043d\\u0430\\u044f \\u043f\\u0430\\u043c\\u044f\\u0442\\u044c - DIMM, DDR4 8192 \\u041c\\u0431 2400 \\u041c\\u0413\\u0446\"}}, {\"added\": {\"name\": \"Product characteristic\", \"object\": \"\\u041a\\u043e\\u043c\\u043f\\u044c\\u044e\\u0442\\u0435\\u0440 IRU Office 317 - \\u0413\\u0440\\u0430\\u0444\\u0438\\u0447\\u0435\\u0441\\u043a\\u0438\\u0439 \\u043f\\u0440\\u043e\\u0446\\u0435\\u0441\\u0441\\u043e\\u0440 - Intel UHD Graphics 630\"}}, {\"added\": {\"name\": \"Product characteristic\", \"object\": \"\\u041a\\u043e\\u043c\\u043f\\u044c\\u044e\\u0442\\u0435\\u0440 IRU Office 317 - \\u041e\\u0431\\u044a\\u0435\\u043c SSD - 480 \\u0413\\u0411\"}}, {\"added\": {\"name\": \"Product characteristic\", \"object\": \"\\u041a\\u043e\\u043c\\u043f\\u044c\\u044e\\u0442\\u0435\\u0440 IRU Office 317 - \\u041e\\u043f\\u0435\\u0440\\u0430\\u0446\\u0438\\u043e\\u043d\\u043d\\u0430\\u044f \\u0441\\u0438\\u0441\\u0442\\u0435\\u043c\\u0430 - Free DOS\"}}]"
    }
},
{
    "model": "admin.logentry",
    "pk": 55,
    "fields": {
        "action_time": "2021-08-08T07:15:12.268Z",
        "user": 1,
        "content_type": 8,
        "object_id": "19",
        "object_repr": "Рассрочка 0-0-6 Компьютер ACER Aspire XC-830",
        "action_flag": 1,
        "change_message": "[{\"added\": {}}, {\"added\": {\"name\": \"Warehouse\", \"object\": \"product: \\u0420\\u0430\\u0441\\u0441\\u0440\\u043e\\u0447\\u043a\\u0430 0-0-6 \\u041a\\u043e\\u043c\\u043f\\u044c\\u044e\\u0442\\u0435\\u0440 ACER Aspire XC-830, shop: \\u0421\\u0438\\u0442\\u0438\\u043b\\u0438\\u043d\\u043a, price: 190.0, amount 6\"}}, {\"added\": {\"name\": \"Warehouse\", \"object\": \"product: \\u0420\\u0430\\u0441\\u0441\\u0440\\u043e\\u0447\\u043a\\u0430 0-0-6 \\u041a\\u043e\\u043c\\u043f\\u044c\\u044e\\u0442\\u0435\\u0440 ACER Aspire XC-830, shop: DNS, price: 199.0, amount 5\"}}, {\"added\": {\"name\": \"Product characteristic\", \"object\": \"\\u0420\\u0430\\u0441\\u0441\\u0440\\u043e\\u0447\\u043a\\u0430 0-0-6 \\u041a\\u043e\\u043c\\u043f\\u044c\\u044e\\u0442\\u0435\\u0440 ACER Aspire XC-830 - \\u041f\\u0440\\u043e\\u0446\\u0435\\u0441\\u0441\\u043e\\u0440 - Intel Celeron J4025\"}}, {\"added\": {\"name\": \"Product characteristic\", \"object\": \"\\u0420\\u0430\\u0441\\u0441\\u0440\\u043e\\u0447\\u043a\\u0430 0-0-6 \\u041a\\u043e\\u043c\\u043f\\u044c\\u044e\\u0442\\u0435\\u0440 ACER Aspire XC-830 - \\u041e\\u043f\\u0435\\u0440\\u0430\\u0442\\u0438\\u0432\\u043d\\u0430\\u044f \\u043f\\u0430\\u043c\\u044f\\u0442\\u044c - SO-DIMM, DDR4 4096 \\u041c\\u0431 2133 \\u041c\\u0413\\u0446\"}}, {\"added\": {\"name\": \"Product characteristic\", \"object\": \"\\u0420\\u0430\\u0441\\u0441\\u0440\\u043e\\u0447\\u043a\\u0430 0-0-6 \\u041a\\u043e\\u043c\\u043f\\u044c\\u044e\\u0442\\u0435\\u0440 ACER Aspire XC-830 - \\u0413\\u0440\\u0430\\u0444\\u0438\\u0447\\u0435\\u0441\\u043a\\u0438\\u0439 \\u043f\\u0440\\u043e\\u0446\\u0435\\u0441\\u0441\\u043e\\u0440 - Intel UHD Graphics 600\"}}, {\"added\": {\"name\": \"Product characteristic\", \"object\": \"\\u0420\\u0430\\u0441\\u0441\\u0440\\u043e\\u0447\\u043a\\u0430 0-0-6 \\u041a\\u043e\\u043c\\u043f\\u044c\\u044e\\u0442\\u0435\\u0440 ACER Aspire XC-830 - \\u041e\\u0431\\u044a\\u0435\\u043c SSD - 128 \\u0413\\u0411\"}}, {\"added\": {\"name\": \"Product characteristic\", \"object\": \"\\u0420\\u0430\\u0441\\u0441\\u0440\\u043e\\u0447\\u043a\\u0430 0-0-6 \\u041a\\u043e\\u043c\\u043f\\u044c\\u044e\\u0442\\u0435\\u0440 ACER Aspire XC-830 - \\u041e\\u043f\\u0435\\u0440\\u0430\\u0446\\u0438\\u043e\\u043d\\u043d\\u0430\\u044f \\u0441\\u0438\\u0441\\u0442\\u0435\\u043c\\u0430 - Endless\"}}]"
    }
},
{
    "model": "admin.logentry",
    "pk": 56,
    "fields": {
        "action_time": "2021-08-08T07:17:30.442Z",
        "user": 1,
        "content_type": 8,
        "object_id": "20",
        "object_repr": "Компьютер IRU Home 120",
        "action_flag": 1,
        "change_message": "[{\"added\": {}}, {\"added\": {\"name\": \"Warehouse\", \"object\": \"product: \\u041a\\u043e\\u043c\\u043f\\u044c\\u044e\\u0442\\u0435\\u0440 IRU Home 120, shop: \\u0421\\u0438\\u0442\\u0438\\u043b\\u0438\\u043d\\u043a, price: 210.0, amount 6\"}}, {\"added\": {\"name\": \"Warehouse\", \"object\": \"product: \\u041a\\u043e\\u043c\\u043f\\u044c\\u044e\\u0442\\u0435\\u0440 IRU Home 120, shop: DNS, price: 215.0, amount 5\"}}, {\"added\": {\"name\": \"Product characteristic\", \"object\": \"\\u041a\\u043e\\u043c\\u043f\\u044c\\u044e\\u0442\\u0435\\u0440 IRU Home 120 - \\u041f\\u0440\\u043e\\u0446\\u0435\\u0441\\u0441\\u043e\\u0440 - AMD E1 6010\"}}, {\"added\": {\"name\": \"Product characteristic\", \"object\": \"\\u041a\\u043e\\u043c\\u043f\\u044c\\u044e\\u0442\\u0435\\u0440 IRU Home 120 - \\u041e\\u043f\\u0435\\u0440\\u0430\\u0442\\u0438\\u0432\\u043d\\u0430\\u044f \\u043f\\u0430\\u043c\\u044f\\u0442\\u044c - DIMM, DDR3 4096 \\u041c\\u0431 1600 \\u041c\\u0413\\u0446\"}}, {\"added\": {\"name\": \"Product characteristic\", \"object\": \"\\u041a\\u043e\\u043c\\u043f\\u044c\\u044e\\u0442\\u0435\\u0440 IRU Home 120 - \\u0413\\u0440\\u0430\\u0444\\u0438\\u0447\\u0435\\u0441\\u043a\\u0438\\u0439 \\u043f\\u0440\\u043e\\u0446\\u0435\\u0441\\u0441\\u043e\\u0440 - AMD Radeon R2\"}}, {\"added\": {\"name\": \"Product characteristic\", \"object\": \"\\u041a\\u043e\\u043c\\u043f\\u044c\\u044e\\u0442\\u0435\\u0440 IRU Home 120 - \\u041e\\u0431\\u044a\\u0435\\u043c SSD - 120 \\u0413\\u0411\"}}, {\"added\": {\"name\": \"Product characteristic\", \"object\": \"\\u041a\\u043e\\u043c\\u043f\\u044c\\u044e\\u0442\\u0435\\u0440 IRU Home 120 - \\u041e\\u043f\\u0435\\u0440\\u0430\\u0446\\u0438\\u043e\\u043d\\u043d\\u0430\\u044f \\u0441\\u0438\\u0441\\u0442\\u0435\\u043c\\u0430 - Windows 10 Home\"}}]"
    }
},
{
    "model": "admin.logentry",
    "pk": 57,
    "fields": {
        "action_time": "2021-08-08T07:19:33.050Z",
        "user": 1,
        "content_type": 8,
        "object_id": "21",
        "object_repr": "Компьютер HP Slimline S01-aF0002ur",
        "action_flag": 1,
        "change_message": "[{\"added\": {}}, {\"added\": {\"name\": \"Warehouse\", \"object\": \"product: \\u041a\\u043e\\u043c\\u043f\\u044c\\u044e\\u0442\\u0435\\u0440 HP Slimline S01-aF0002ur, shop: \\u0421\\u0438\\u0442\\u0438\\u043b\\u0438\\u043d\\u043a, price: 260.0, amount 3\"}}, {\"added\": {\"name\": \"Warehouse\", \"object\": \"product: \\u041a\\u043e\\u043c\\u043f\\u044c\\u044e\\u0442\\u0435\\u0440 HP Slimline S01-aF0002ur, shop: DNS, price: 279.0, amount 4\"}}, {\"added\": {\"name\": \"Product characteristic\", \"object\": \"\\u041a\\u043e\\u043c\\u043f\\u044c\\u044e\\u0442\\u0435\\u0440 HP Slimline S01-aF0002ur - \\u041f\\u0440\\u043e\\u0446\\u0435\\u0441\\u0441\\u043e\\u0440 - AMD Athlon 3050U\"}}, {\"added\": {\"name\": \"Product characteristic\", \"object\": \"\\u041a\\u043e\\u043c\\u043f\\u044c\\u044e\\u0442\\u0435\\u0440 HP Slimline S01-aF0002ur - \\u041e\\u043f\\u0435\\u0440\\u0430\\u0442\\u0438\\u0432\\u043d\\u0430\\u044f \\u043f\\u0430\\u043c\\u044f\\u0442\\u044c - DIMM, DDR4 4096 \\u041c\\u0431 2400 \\u041c\\u0413\\u0446\"}}, {\"added\": {\"name\": \"Product characteristic\", \"object\": \"\\u041a\\u043e\\u043c\\u043f\\u044c\\u044e\\u0442\\u0435\\u0440 HP Slimline S01-aF0002ur - \\u0413\\u0440\\u0430\\u0444\\u0438\\u0447\\u0435\\u0441\\u043a\\u0438\\u0439 \\u043f\\u0440\\u043e\\u0446\\u0435\\u0441\\u0441\\u043e\\u0440 - AMD Radeon Graphics\"}}, {\"added\": {\"name\": \"Product characteristic\", \"object\": \"\\u041a\\u043e\\u043c\\u043f\\u044c\\u044e\\u0442\\u0435\\u0440 HP Slimline S01-aF0002ur - \\u041e\\u0431\\u044a\\u0435\\u043c SSD - 128 \\u0413\\u0411\"}}, {\"added\": {\"name\": \"Product characteristic\", \"object\": \"\\u041a\\u043e\\u043c\\u043f\\u044c\\u044e\\u0442\\u0435\\u0440 HP Slimline S01-aF0002ur - \\u041e\\u043f\\u0435\\u0440\\u0430\\u0446\\u0438\\u043e\\u043d\\u043d\\u0430\\u044f \\u0441\\u0438\\u0441\\u0442\\u0435\\u043c\\u0430 - Free DOS 3.0\"}}]"
    }
},
{
    "model": "admin.logentry",
    "pk": 58,
    "fields": {
        "action_time": "2021-08-08T07:23:05.234Z",
        "user": 1,
        "content_type": 8,
        "object_id": "22",
        "object_repr": "Жесткий диск WD Red WD20EFAX",
        "action_flag": 1,
        "change_message": "[{\"added\": {}}, {\"added\": {\"name\": \"Warehouse\", \"object\": \"product: \\u0416\\u0435\\u0441\\u0442\\u043a\\u0438\\u0439 \\u0434\\u0438\\u0441\\u043a WD Red WD20EFAX, shop: \\u0421\\u0438\\u0442\\u0438\\u043b\\u0438\\u043d\\u043a, price: 80.0, amount 15\"}}, {\"added\": {\"name\": \"Warehouse\", \"object\": \"product: \\u0416\\u0435\\u0441\\u0442\\u043a\\u0438\\u0439 \\u0434\\u0438\\u0441\\u043a WD Red WD20EFAX, shop: DNS, price: 85.0, amount 17\"}}]"
    }
},
{
    "model": "admin.logentry",
    "pk": 59,
    "fields": {
        "action_time": "2021-08-08T07:23:46.234Z",
        "user": 1,
        "content_type": 22,
        "object_id": "9",
        "object_repr": "Форм-фактор",
        "action_flag": 1,
        "change_message": "[{\"added\": {}}]"
    }
},
{
    "model": "admin.logentry",
    "pk": 60,
    "fields": {
        "action_time": "2021-08-08T07:23:59.019Z",
        "user": 1,
        "content_type": 22,
        "object_id": "10",
        "object_repr": "Объем накопителя",
        "action_flag": 1,
        "change_message": "[{\"added\": {}}]"
    }
},
{
    "model": "admin.logentry",
    "pk": 61,
    "fields": {
        "action_time": "2021-08-08T07:24:30.885Z",
        "user": 1,
        "content_type": 22,
        "object_id": "11",
        "object_repr": "Интерфейс",
        "action_flag": 1,
        "change_message": "[{\"added\": {}}]"
    }
},
{
    "model": "admin.logentry",
    "pk": 62,
    "fields": {
        "action_time": "2021-08-08T07:25:10.972Z",
        "user": 1,
        "content_type": 8,
        "object_id": "22",
        "object_repr": "Жесткий диск WD Red WD20EFAX",
        "action_flag": 2,
        "change_message": "[{\"added\": {\"name\": \"Product characteristic\", \"object\": \"\\u0416\\u0435\\u0441\\u0442\\u043a\\u0438\\u0439 \\u0434\\u0438\\u0441\\u043a WD Red WD20EFAX - \\u0424\\u043e\\u0440\\u043c-\\u0444\\u0430\\u043a\\u0442\\u043e\\u0440 - 3.5 \\\"\"}}, {\"added\": {\"name\": \"Product characteristic\", \"object\": \"\\u0416\\u0435\\u0441\\u0442\\u043a\\u0438\\u0439 \\u0434\\u0438\\u0441\\u043a WD Red WD20EFAX - \\u041e\\u0431\\u044a\\u0435\\u043c \\u043d\\u0430\\u043a\\u043e\\u043f\\u0438\\u0442\\u0435\\u043b\\u044f - 2 \\u0422\\u0411\"}}, {\"added\": {\"name\": \"Product characteristic\", \"object\": \"\\u0416\\u0435\\u0441\\u0442\\u043a\\u0438\\u0439 \\u0434\\u0438\\u0441\\u043a WD Red WD20EFAX - \\u0418\\u043d\\u0442\\u0435\\u0440\\u0444\\u0435\\u0439\\u0441 - SATA III\"}}]"
    }
},
{
    "model": "admin.logentry",
    "pk": 63,
    "fields": {
        "action_time": "2021-08-08T07:27:07.758Z",
        "user": 1,
        "content_type": 8,
        "object_id": "23",
        "object_repr": "Рассрочка 0-0-6-6% SSD наНакопитель SAMSUNG 860 Pro MZ-76P512BW",
        "action_flag": 1,
        "change_message": "[{\"added\": {}}, {\"added\": {\"name\": \"Warehouse\", \"object\": \"product: \\u0420\\u0430\\u0441\\u0441\\u0440\\u043e\\u0447\\u043a\\u0430 0-0-6-6% SSD \\u043d\\u0430\\u041d\\u0430\\u043a\\u043e\\u043f\\u0438\\u0442\\u0435\\u043b\\u044c SAMSUNG 860 Pro MZ-76P512BW, shop: \\u0421\\u0438\\u0442\\u0438\\u043b\\u0438\\u043d\\u043a, price: 140.0, amount 17\"}}, {\"added\": {\"name\": \"Warehouse\", \"object\": \"product: \\u0420\\u0430\\u0441\\u0441\\u0440\\u043e\\u0447\\u043a\\u0430 0-0-6-6% SSD \\u043d\\u0430\\u041d\\u0430\\u043a\\u043e\\u043f\\u0438\\u0442\\u0435\\u043b\\u044c SAMSUNG 860 Pro MZ-76P512BW, shop: DNS, price: 150.0, amount 16\"}}, {\"added\": {\"name\": \"Product characteristic\", \"object\": \"\\u0420\\u0430\\u0441\\u0441\\u0440\\u043e\\u0447\\u043a\\u0430 0-0-6-6% SSD \\u043d\\u0430\\u041d\\u0430\\u043a\\u043e\\u043f\\u0438\\u0442\\u0435\\u043b\\u044c SAMSUNG 860 Pro MZ-76P512BW - \\u0424\\u043e\\u0440\\u043c-\\u0444\\u0430\\u043a\\u0442\\u043e\\u0440 - 2.5\\\"\"}}, {\"added\": {\"name\": \"Product characteristic\", \"object\": \"\\u0420\\u0430\\u0441\\u0441\\u0440\\u043e\\u0447\\u043a\\u0430 0-0-6-6% SSD \\u043d\\u0430\\u041d\\u0430\\u043a\\u043e\\u043f\\u0438\\u0442\\u0435\\u043b\\u044c SAMSUNG 860 Pro MZ-76P512BW - \\u041e\\u0431\\u044a\\u0435\\u043c \\u043d\\u0430\\u043a\\u043e\\u043f\\u0438\\u0442\\u0435\\u043b\\u044f - 512\\u0413\\u0411\"}}, {\"added\": {\"name\": \"Product characteristic\", \"object\": \"\\u0420\\u0430\\u0441\\u0441\\u0440\\u043e\\u0447\\u043a\\u0430 0-0-6-6% SSD \\u043d\\u0430\\u041d\\u0430\\u043a\\u043e\\u043f\\u0438\\u0442\\u0435\\u043b\\u044c SAMSUNG 860 Pro MZ-76P512BW - \\u0418\\u043d\\u0442\\u0435\\u0440\\u0444\\u0435\\u0439\\u0441 - SATA III\"}}]"
    }
},
{
    "model": "admin.logentry",
    "pk": 64,
    "fields": {
        "action_time": "2021-08-08T07:29:02.509Z",
        "user": 1,
        "content_type": 8,
        "object_id": "24",
        "object_repr": "SSD накопитель WD Blue SN550 WDS500G2B0C",
        "action_flag": 1,
        "change_message": "[{\"added\": {}}, {\"added\": {\"name\": \"Warehouse\", \"object\": \"product: SSD \\u043d\\u0430\\u043a\\u043e\\u043f\\u0438\\u0442\\u0435\\u043b\\u044c WD Blue SN550 WDS500G2B0C, shop: \\u0421\\u0438\\u0442\\u0438\\u043b\\u0438\\u043d\\u043a, price: 600.0, amount 15\"}}, {\"added\": {\"name\": \"Warehouse\", \"object\": \"product: SSD \\u043d\\u0430\\u043a\\u043e\\u043f\\u0438\\u0442\\u0435\\u043b\\u044c WD Blue SN550 WDS500G2B0C, shop: DNS, price: 609.0, amount 13\"}}, {\"added\": {\"name\": \"Product characteristic\", \"object\": \"SSD \\u043d\\u0430\\u043a\\u043e\\u043f\\u0438\\u0442\\u0435\\u043b\\u044c WD Blue SN550 WDS500G2B0C - \\u0424\\u043e\\u0440\\u043c-\\u0444\\u0430\\u043a\\u0442\\u043e\\u0440 - M.2 2280\"}}, {\"added\": {\"name\": \"Product characteristic\", \"object\": \"SSD \\u043d\\u0430\\u043a\\u043e\\u043f\\u0438\\u0442\\u0435\\u043b\\u044c WD Blue SN550 WDS500G2B0C - \\u041e\\u0431\\u044a\\u0435\\u043c \\u043d\\u0430\\u043a\\u043e\\u043f\\u0438\\u0442\\u0435\\u043b\\u044f - 500\\u0413\\u0411\"}}, {\"added\": {\"name\": \"Product characteristic\", \"object\": \"SSD \\u043d\\u0430\\u043a\\u043e\\u043f\\u0438\\u0442\\u0435\\u043b\\u044c WD Blue SN550 WDS500G2B0C - \\u0418\\u043d\\u0442\\u0435\\u0440\\u0444\\u0435\\u0439\\u0441 - PCI-E x4\"}}]"
    }
},
{
    "model": "admin.logentry",
    "pk": 65,
    "fields": {
        "action_time": "2021-08-08T07:29:17.997Z",
        "user": 1,
        "content_type": 8,
        "object_id": "23",
        "object_repr": "SSD Накопитель SAMSUNG 860 Pro MZ-76P512BW",
        "action_flag": 2,
        "change_message": "[{\"changed\": {\"fields\": [\"Name\"]}}]"
    }
},
{
    "model": "admin.logentry",
    "pk": 66,
    "fields": {
        "action_time": "2021-08-08T07:29:28.541Z",
        "user": 1,
        "content_type": 8,
        "object_id": "19",
        "object_repr": "Компьютер ACER Aspire XC-830",
        "action_flag": 2,
        "change_message": "[{\"changed\": {\"fields\": [\"Name\"]}}]"
    }
},
{
    "model": "admin.logentry",
    "pk": 67,
    "fields": {
        "action_time": "2021-08-08T07:29:44.687Z",
        "user": 1,
        "content_type": 8,
        "object_id": "9",
        "object_repr": "Ноутбук HUAWEI MateBook D 16 HVY-WAP9",
        "action_flag": 2,
        "change_message": "[{\"changed\": {\"fields\": [\"Name\"]}}]"
    }
},
{
    "model": "admin.logentry",
    "pk": 68,
    "fields": {
        "action_time": "2021-08-08T07:31:24.923Z",
        "user": 1,
        "content_type": 22,
        "object_id": "12",
        "object_repr": "Тип матрицы",
        "action_flag": 1,
        "change_message": "[{\"added\": {}}]"
    }
},
{
    "model": "admin.logentry",
    "pk": 69,
    "fields": {
        "action_time": "2021-08-08T07:31:35.023Z",
        "user": 1,
        "content_type": 22,
        "object_id": "13",
        "object_repr": "Частота обновления",
        "action_flag": 1,
        "change_message": "[{\"added\": {}}]"
    }
},
{
    "model": "admin.logentry",
    "pk": 70,
    "fields": {
        "action_time": "2021-08-08T07:33:37.243Z",
        "user": 1,
        "content_type": 8,
        "object_id": "25",
        "object_repr": "Монитор VIEWSONIC VP2768-4K",
        "action_flag": 1,
        "change_message": "[{\"added\": {}}, {\"added\": {\"name\": \"Warehouse\", \"object\": \"product: \\u041c\\u043e\\u043d\\u0438\\u0442\\u043e\\u0440 VIEWSONIC VP2768-4K, shop: \\u0421\\u0438\\u0442\\u0438\\u043b\\u0438\\u043d\\u043a, price: 580.0, amount 12\"}}, {\"added\": {\"name\": \"Warehouse\", \"object\": \"product: \\u041c\\u043e\\u043d\\u0438\\u0442\\u043e\\u0440 VIEWSONIC VP2768-4K, shop: DNS, price: 589.0, amount 13\"}}, {\"added\": {\"name\": \"Warehouse\", \"object\": \"product: \\u041c\\u043e\\u043d\\u0438\\u0442\\u043e\\u0440 VIEWSONIC VP2768-4K, shop: \\u041c-\\u0412\\u0438\\u0434\\u0435\\u043e, price: 600.0, amount 10\"}}, {\"added\": {\"name\": \"Product characteristic\", \"object\": \"\\u041c\\u043e\\u043d\\u0438\\u0442\\u043e\\u0440 VIEWSONIC VP2768-4K - \\u0414\\u0438\\u0430\\u0433\\u043e\\u043d\\u0430\\u043b\\u044c \\u044d\\u043a\\u0440\\u0430\\u043d\\u0430 - 27 \\\"\"}}, {\"added\": {\"name\": \"Product characteristic\", \"object\": \"\\u041c\\u043e\\u043d\\u0438\\u0442\\u043e\\u0440 VIEWSONIC VP2768-4K - \\u0420\\u0430\\u0437\\u0440\\u0435\\u0448\\u0435\\u043d\\u0438\\u0435 \\u044d\\u043a\\u0440\\u0430\\u043d\\u0430 - 3840x2160\"}}, {\"added\": {\"name\": \"Product characteristic\", \"object\": \"\\u041c\\u043e\\u043d\\u0438\\u0442\\u043e\\u0440 VIEWSONIC VP2768-4K - \\u0427\\u0430\\u0441\\u0442\\u043e\\u0442\\u0430 \\u043e\\u0431\\u043d\\u043e\\u0432\\u043b\\u0435\\u043d\\u0438\\u044f - 60 \\u0413\\u0446\"}}, {\"added\": {\"name\": \"Product characteristic\", \"object\": \"\\u041c\\u043e\\u043d\\u0438\\u0442\\u043e\\u0440 VIEWSONIC VP2768-4K - \\u0422\\u0438\\u043f \\u043c\\u0430\\u0442\\u0440\\u0438\\u0446\\u044b - IPS\"}}]"
    }
},
{
    "model": "admin.logentry",
    "pk": 71,
    "fields": {
        "action_time": "2021-08-08T07:37:06.416Z",
        "user": 1,
        "content_type": 8,
        "object_id": "26",
        "object_repr": "Монитор SUNWIND SUN-M24BF100",
        "action_flag": 1,
        "change_message": "[{\"added\": {}}, {\"added\": {\"name\": \"Warehouse\", \"object\": \"product: \\u041c\\u043e\\u043d\\u0438\\u0442\\u043e\\u0440 SUNWIND SUN-M24BF100, shop: \\u0421\\u0438\\u0442\\u0438\\u043b\\u0438\\u043d\\u043a, price: 120.0, amount 13\"}}, {\"added\": {\"name\": \"Warehouse\", \"object\": \"product: \\u041c\\u043e\\u043d\\u0438\\u0442\\u043e\\u0440 SUNWIND SUN-M24BF100, shop: DNS, price: 125.0, amount 14\"}}, {\"added\": {\"name\": \"Warehouse\", \"object\": \"product: \\u041c\\u043e\\u043d\\u0438\\u0442\\u043e\\u0440 SUNWIND SUN-M24BF100, shop: \\u041c-\\u0412\\u0438\\u0434\\u0435\\u043e, price: 129.0, amount 12\"}}, {\"added\": {\"name\": \"Product characteristic\", \"object\": \"\\u041c\\u043e\\u043d\\u0438\\u0442\\u043e\\u0440 SUNWIND SUN-M24BF100 - \\u0414\\u0438\\u0430\\u0433\\u043e\\u043d\\u0430\\u043b\\u044c \\u044d\\u043a\\u0440\\u0430\\u043d\\u0430 - 23.8 \\\"\"}}, {\"added\": {\"name\": \"Product characteristic\", \"object\": \"\\u041c\\u043e\\u043d\\u0438\\u0442\\u043e\\u0440 SUNWIND SUN-M24BF100 - \\u0420\\u0430\\u0437\\u0440\\u0435\\u0448\\u0435\\u043d\\u0438\\u0435 \\u044d\\u043a\\u0440\\u0430\\u043d\\u0430 - 1920x1080\"}}, {\"added\": {\"name\": \"Product characteristic\", \"object\": \"\\u041c\\u043e\\u043d\\u0438\\u0442\\u043e\\u0440 SUNWIND SUN-M24BF100 - \\u0427\\u0430\\u0441\\u0442\\u043e\\u0442\\u0430 \\u043e\\u0431\\u043d\\u043e\\u0432\\u043b\\u0435\\u043d\\u0438\\u044f - 75 \\u0413\\u0446\"}}, {\"added\": {\"name\": \"Product characteristic\", \"object\": \"\\u041c\\u043e\\u043d\\u0438\\u0442\\u043e\\u0440 SUNWIND SUN-M24BF100 - \\u0422\\u0438\\u043f \\u043c\\u0430\\u0442\\u0440\\u0438\\u0446\\u044b - VA\"}}]"
    }
},
{
    "model": "admin.logentry",
    "pk": 72,
    "fields": {
        "action_time": "2021-08-08T07:39:12.481Z",
        "user": 1,
        "content_type": 8,
        "object_id": "27",
        "object_repr": "Монитор игровой SAMSUNG F27G33TFWI",
        "action_flag": 1,
        "change_message": "[{\"added\": {}}, {\"added\": {\"name\": \"Warehouse\", \"object\": \"product: \\u041c\\u043e\\u043d\\u0438\\u0442\\u043e\\u0440 \\u0438\\u0433\\u0440\\u043e\\u0432\\u043e\\u0439 SAMSUNG F27G33TFWI, shop: \\u0421\\u0438\\u0442\\u0438\\u043b\\u0438\\u043d\\u043a, price: 250.0, amount 12\"}}, {\"added\": {\"name\": \"Warehouse\", \"object\": \"product: \\u041c\\u043e\\u043d\\u0438\\u0442\\u043e\\u0440 \\u0438\\u0433\\u0440\\u043e\\u0432\\u043e\\u0439 SAMSUNG F27G33TFWI, shop: DNS, price: 259.0, amount 10\"}}, {\"added\": {\"name\": \"Warehouse\", \"object\": \"product: \\u041c\\u043e\\u043d\\u0438\\u0442\\u043e\\u0440 \\u0438\\u0433\\u0440\\u043e\\u0432\\u043e\\u0439 SAMSUNG F27G33TFWI, shop: \\u041c-\\u0412\\u0438\\u0434\\u0435\\u043e, price: 265.0, amount 11\"}}, {\"added\": {\"name\": \"Product characteristic\", \"object\": \"\\u041c\\u043e\\u043d\\u0438\\u0442\\u043e\\u0440 \\u0438\\u0433\\u0440\\u043e\\u0432\\u043e\\u0439 SAMSUNG F27G33TFWI - \\u0414\\u0438\\u0430\\u0433\\u043e\\u043d\\u0430\\u043b\\u044c \\u044d\\u043a\\u0440\\u0430\\u043d\\u0430 - 27 \\\"\"}}, {\"added\": {\"name\": \"Product characteristic\", \"object\": \"\\u041c\\u043e\\u043d\\u0438\\u0442\\u043e\\u0440 \\u0438\\u0433\\u0440\\u043e\\u0432\\u043e\\u0439 SAMSUNG F27G33TFWI - \\u0420\\u0430\\u0437\\u0440\\u0435\\u0448\\u0435\\u043d\\u0438\\u0435 \\u044d\\u043a\\u0440\\u0430\\u043d\\u0430 - 1920x1080\"}}, {\"added\": {\"name\": \"Product characteristic\", \"object\": \"\\u041c\\u043e\\u043d\\u0438\\u0442\\u043e\\u0440 \\u0438\\u0433\\u0440\\u043e\\u0432\\u043e\\u0439 SAMSUNG F27G33TFWI - \\u0427\\u0430\\u0441\\u0442\\u043e\\u0442\\u0430 \\u043e\\u0431\\u043d\\u043e\\u0432\\u043b\\u0435\\u043d\\u0438\\u044f - 144 \\u0413\\u0446\"}}, {\"added\": {\"name\": \"Product characteristic\", \"object\": \"\\u041c\\u043e\\u043d\\u0438\\u0442\\u043e\\u0440 \\u0438\\u0433\\u0440\\u043e\\u0432\\u043e\\u0439 SAMSUNG F27G33TFWI - \\u0427\\u0430\\u0441\\u0442\\u043e\\u0442\\u0430 \\u043e\\u0431\\u043d\\u043e\\u0432\\u043b\\u0435\\u043d\\u0438\\u044f - VA\"}}]"
    }
},
{
    "model": "admin.logentry",
    "pk": 73,
    "fields": {
        "action_time": "2021-08-08T07:41:05.207Z",
        "user": 1,
        "content_type": 22,
        "object_id": "14",
        "object_repr": "Технология печати",
        "action_flag": 1,
        "change_message": "[{\"added\": {}}]"
    }
},
{
    "model": "admin.logentry",
    "pk": 74,
    "fields": {
        "action_time": "2021-08-08T07:41:13.263Z",
        "user": 1,
        "content_type": 22,
        "object_id": "15",
        "object_repr": "Формат печати",
        "action_flag": 1,
        "change_message": "[{\"added\": {}}]"
    }
},
{
    "model": "admin.logentry",
    "pk": 75,
    "fields": {
        "action_time": "2021-08-08T07:41:23.124Z",
        "user": 1,
        "content_type": 22,
        "object_id": "16",
        "object_repr": "Скорость печати",
        "action_flag": 1,
        "change_message": "[{\"added\": {}}]"
    }
},
{
    "model": "admin.logentry",
    "pk": 76,
    "fields": {
        "action_time": "2021-08-08T07:43:22.067Z",
        "user": 1,
        "content_type": 8,
        "object_id": "28",
        "object_repr": "Принтер струйный HP OfficeJet 202",
        "action_flag": 1,
        "change_message": "[{\"added\": {}}, {\"added\": {\"name\": \"Warehouse\", \"object\": \"product: \\u041f\\u0440\\u0438\\u043d\\u0442\\u0435\\u0440 \\u0441\\u0442\\u0440\\u0443\\u0439\\u043d\\u044b\\u0439 HP OfficeJet 202, shop: \\u0421\\u0438\\u0442\\u0438\\u043b\\u0438\\u043d\\u043a, price: 220.0, amount 16\"}}, {\"added\": {\"name\": \"Warehouse\", \"object\": \"product: \\u041f\\u0440\\u0438\\u043d\\u0442\\u0435\\u0440 \\u0441\\u0442\\u0440\\u0443\\u0439\\u043d\\u044b\\u0439 HP OfficeJet 202, shop: DNS, price: 225.0, amount 17\"}}, {\"added\": {\"name\": \"Warehouse\", \"object\": \"product: \\u041f\\u0440\\u0438\\u043d\\u0442\\u0435\\u0440 \\u0441\\u0442\\u0440\\u0443\\u0439\\u043d\\u044b\\u0439 HP OfficeJet 202, shop: \\u041c-\\u0412\\u0438\\u0434\\u0435\\u043e, price: 229.0, amount 16\"}}, {\"added\": {\"name\": \"Product characteristic\", \"object\": \"\\u041f\\u0440\\u0438\\u043d\\u0442\\u0435\\u0440 \\u0441\\u0442\\u0440\\u0443\\u0439\\u043d\\u044b\\u0439 HP OfficeJet 202 - \\u0422\\u0435\\u0445\\u043d\\u043e\\u043b\\u043e\\u0433\\u0438\\u044f \\u043f\\u0435\\u0447\\u0430\\u0442\\u0438 - \\u0441\\u0442\\u0440\\u0443\\u0439\\u043d\\u044b\\u0439\"}}, {\"added\": {\"name\": \"Product characteristic\", \"object\": \"\\u041f\\u0440\\u0438\\u043d\\u0442\\u0435\\u0440 \\u0441\\u0442\\u0440\\u0443\\u0439\\u043d\\u044b\\u0439 HP OfficeJet 202 - \\u0424\\u043e\\u0440\\u043c\\u0430\\u0442 \\u043f\\u0435\\u0447\\u0430\\u0442\\u0438 - A4\"}}, {\"added\": {\"name\": \"Product characteristic\", \"object\": \"\\u041f\\u0440\\u0438\\u043d\\u0442\\u0435\\u0440 \\u0441\\u0442\\u0440\\u0443\\u0439\\u043d\\u044b\\u0439 HP OfficeJet 202 - \\u0421\\u043a\\u043e\\u0440\\u043e\\u0441\\u0442\\u044c \\u043f\\u0435\\u0447\\u0430\\u0442\\u0438 - \\u0434\\u043e 20 \\u0441\\u0442\\u0440/\\u043c\\u0438\\u043d, \\u0444\\u043e\\u0440\\u043c\\u0430\\u0442\\u0430 \\u04104\"}}]"
    }
},
{
    "model": "admin.logentry",
    "pk": 77,
    "fields": {
        "action_time": "2021-08-08T07:45:12.175Z",
        "user": 1,
        "content_type": 8,
        "object_id": "29",
        "object_repr": "Принтер струйный CANON Pixma TS704",
        "action_flag": 1,
        "change_message": "[{\"added\": {}}, {\"added\": {\"name\": \"Warehouse\", \"object\": \"product: \\u041f\\u0440\\u0438\\u043d\\u0442\\u0435\\u0440 \\u0441\\u0442\\u0440\\u0443\\u0439\\u043d\\u044b\\u0439 CANON Pixma TS704, shop: \\u0421\\u0438\\u0442\\u0438\\u043b\\u0438\\u043d\\u043a, price: 95.0, amount 21\"}}, {\"added\": {\"name\": \"Warehouse\", \"object\": \"product: \\u041f\\u0440\\u0438\\u043d\\u0442\\u0435\\u0440 \\u0441\\u0442\\u0440\\u0443\\u0439\\u043d\\u044b\\u0439 CANON Pixma TS704, shop: DNS, price: 99.0, amount 25\"}}, {\"added\": {\"name\": \"Warehouse\", \"object\": \"product: \\u041f\\u0440\\u0438\\u043d\\u0442\\u0435\\u0440 \\u0441\\u0442\\u0440\\u0443\\u0439\\u043d\\u044b\\u0439 CANON Pixma TS704, shop: \\u041c-\\u0412\\u0438\\u0434\\u0435\\u043e, price: 100.0, amount 21\"}}, {\"added\": {\"name\": \"Product characteristic\", \"object\": \"\\u041f\\u0440\\u0438\\u043d\\u0442\\u0435\\u0440 \\u0441\\u0442\\u0440\\u0443\\u0439\\u043d\\u044b\\u0439 CANON Pixma TS704 - \\u0422\\u0435\\u0445\\u043d\\u043e\\u043b\\u043e\\u0433\\u0438\\u044f \\u043f\\u0435\\u0447\\u0430\\u0442\\u0438 - \\u0441\\u0442\\u0440\\u0443\\u0439\\u043d\\u044b\\u0439\"}}, {\"added\": {\"name\": \"Product characteristic\", \"object\": \"\\u041f\\u0440\\u0438\\u043d\\u0442\\u0435\\u0440 \\u0441\\u0442\\u0440\\u0443\\u0439\\u043d\\u044b\\u0439 CANON Pixma TS704 - \\u0424\\u043e\\u0440\\u043c\\u0430\\u0442 \\u043f\\u0435\\u0447\\u0430\\u0442\\u0438 - A4\"}}, {\"added\": {\"name\": \"Product characteristic\", \"object\": \"\\u041f\\u0440\\u0438\\u043d\\u0442\\u0435\\u0440 \\u0441\\u0442\\u0440\\u0443\\u0439\\u043d\\u044b\\u0439 CANON Pixma TS704 - \\u0421\\u043a\\u043e\\u0440\\u043e\\u0441\\u0442\\u044c \\u043f\\u0435\\u0447\\u0430\\u0442\\u0438 - \\u0434\\u043e 15 \\u0441\\u0442\\u0440/\\u043c\\u0438\\u043d, \\u0444\\u043e\\u0440\\u043c\\u0430\\u0442\\u0430 \\u04104\"}}]"
    }
},
{
    "model": "admin.logentry",
    "pk": 78,
    "fields": {
        "action_time": "2021-08-08T07:47:05.886Z",
        "user": 1,
        "content_type": 8,
        "object_id": "30",
        "object_repr": "Принтер струйный EPSON Expression Photo HD XP-15000",
        "action_flag": 1,
        "change_message": "[{\"added\": {}}, {\"added\": {\"name\": \"Warehouse\", \"object\": \"product: \\u041f\\u0440\\u0438\\u043d\\u0442\\u0435\\u0440 \\u0441\\u0442\\u0440\\u0443\\u0439\\u043d\\u044b\\u0439 EPSON Expression Photo HD XP-15000, shop: \\u0421\\u0438\\u0442\\u0438\\u043b\\u0438\\u043d\\u043a, price: 700.0, amount 8\"}}, {\"added\": {\"name\": \"Warehouse\", \"object\": \"product: \\u041f\\u0440\\u0438\\u043d\\u0442\\u0435\\u0440 \\u0441\\u0442\\u0440\\u0443\\u0439\\u043d\\u044b\\u0439 EPSON Expression Photo HD XP-15000, shop: DNS, price: 709.0, amount 9\"}}, {\"added\": {\"name\": \"Warehouse\", \"object\": \"product: \\u041f\\u0440\\u0438\\u043d\\u0442\\u0435\\u0440 \\u0441\\u0442\\u0440\\u0443\\u0439\\u043d\\u044b\\u0439 EPSON Expression Photo HD XP-15000, shop: \\u041c-\\u0412\\u0438\\u0434\\u0435\\u043e, price: 720.0, amount 9\"}}, {\"added\": {\"name\": \"Product characteristic\", \"object\": \"\\u041f\\u0440\\u0438\\u043d\\u0442\\u0435\\u0440 \\u0441\\u0442\\u0440\\u0443\\u0439\\u043d\\u044b\\u0439 EPSON Expression Photo HD XP-15000 - \\u0422\\u0435\\u0445\\u043d\\u043e\\u043b\\u043e\\u0433\\u0438\\u044f \\u043f\\u0435\\u0447\\u0430\\u0442\\u0438 - \\u0441\\u0442\\u0440\\u0443\\u0439\\u043d\\u044b\\u0439\"}}, {\"added\": {\"name\": \"Product characteristic\", \"object\": \"\\u041f\\u0440\\u0438\\u043d\\u0442\\u0435\\u0440 \\u0441\\u0442\\u0440\\u0443\\u0439\\u043d\\u044b\\u0439 EPSON Expression Photo HD XP-15000 - \\u0424\\u043e\\u0440\\u043c\\u0430\\u0442 \\u043f\\u0435\\u0447\\u0430\\u0442\\u0438 - A3+\"}}, {\"added\": {\"name\": \"Product characteristic\", \"object\": \"\\u041f\\u0440\\u0438\\u043d\\u0442\\u0435\\u0440 \\u0441\\u0442\\u0440\\u0443\\u0439\\u043d\\u044b\\u0439 EPSON Expression Photo HD XP-15000 - \\u0421\\u043a\\u043e\\u0440\\u043e\\u0441\\u0442\\u044c \\u043f\\u0435\\u0447\\u0430\\u0442\\u0438 - \\u0434\\u043e 29 \\u0441\\u0442\\u0440/\\u043c\\u0438\\u043d, \\u0444\\u043e\\u0440\\u043c\\u0430\\u0442\\u0430 \\u04104\"}}]"
    }
},
{
    "model": "admin.logentry",
    "pk": 79,
    "fields": {
        "action_time": "2021-08-08T07:50:00.728Z",
        "user": 1,
        "content_type": 22,
        "object_id": "17",
        "object_repr": "Разрешение сенсора",
        "action_flag": 1,
        "change_message": "[{\"added\": {}}]"
    }
},
{
    "model": "admin.logentry",
    "pk": 80,
    "fields": {
        "action_time": "2021-08-08T07:52:37.793Z",
        "user": 1,
        "content_type": 8,
        "object_id": "31",
        "object_repr": "Клавиатура MSI GK50 ELITE RU",
        "action_flag": 1,
        "change_message": "[{\"added\": {}}, {\"added\": {\"name\": \"Warehouse\", \"object\": \"product: \\u041a\\u043b\\u0430\\u0432\\u0438\\u0430\\u0442\\u0443\\u0440\\u0430 MSI GK50 ELITE RU, shop: \\u0421\\u0438\\u0442\\u0438\\u043b\\u0438\\u043d\\u043a, price: 80.0, amount 12\"}}, {\"added\": {\"name\": \"Warehouse\", \"object\": \"product: \\u041a\\u043b\\u0430\\u0432\\u0438\\u0430\\u0442\\u0443\\u0440\\u0430 MSI GK50 ELITE RU, shop: DNS, price: 82.0, amount 13\"}}, {\"added\": {\"name\": \"Warehouse\", \"object\": \"product: \\u041a\\u043b\\u0430\\u0432\\u0438\\u0430\\u0442\\u0443\\u0440\\u0430 MSI GK50 ELITE RU, shop: \\u041c-\\u0412\\u0438\\u0434\\u0435\\u043e, price: 85.0, amount 13\"}}, {\"added\": {\"name\": \"Product characteristic\", \"object\": \"\\u041a\\u043b\\u0430\\u0432\\u0438\\u0430\\u0442\\u0443\\u0440\\u0430 MSI GK50 ELITE RU - \\u0418\\u043d\\u0442\\u0435\\u0440\\u0444\\u0435\\u0439\\u0441 - USB\"}}]"
    }
},
{
    "model": "admin.logentry",
    "pk": 81,
    "fields": {
        "action_time": "2021-08-08T07:54:17.854Z",
        "user": 1,
        "content_type": 8,
        "object_id": "32",
        "object_repr": "Клавиатура A4TECH Fstyler FK15",
        "action_flag": 1,
        "change_message": "[{\"added\": {}}, {\"added\": {\"name\": \"Warehouse\", \"object\": \"product: \\u041a\\u043b\\u0430\\u0432\\u0438\\u0430\\u0442\\u0443\\u0440\\u0430 A4TECH Fstyler FK15, shop: \\u0421\\u0438\\u0442\\u0438\\u043b\\u0438\\u043d\\u043a, price: 9.0, amount 14\"}}, {\"added\": {\"name\": \"Warehouse\", \"object\": \"product: \\u041a\\u043b\\u0430\\u0432\\u0438\\u0430\\u0442\\u0443\\u0440\\u0430 A4TECH Fstyler FK15, shop: DNS, price: 10.0, amount 15\"}}, {\"added\": {\"name\": \"Warehouse\", \"object\": \"product: \\u041a\\u043b\\u0430\\u0432\\u0438\\u0430\\u0442\\u0443\\u0440\\u0430 A4TECH Fstyler FK15, shop: \\u041c-\\u0412\\u0438\\u0434\\u0435\\u043e, price: 11.0, amount 14\"}}, {\"added\": {\"name\": \"Product characteristic\", \"object\": \"\\u041a\\u043b\\u0430\\u0432\\u0438\\u0430\\u0442\\u0443\\u0440\\u0430 A4TECH Fstyler FK15 - \\u0418\\u043d\\u0442\\u0435\\u0440\\u0444\\u0435\\u0439\\u0441 - USB\"}}]"
    }
},
{
    "model": "admin.logentry",
    "pk": 82,
    "fields": {
        "action_time": "2021-08-08T07:56:26.147Z",
        "user": 1,
        "content_type": 8,
        "object_id": "33",
        "object_repr": "Мышь A4TECH Bloody P91",
        "action_flag": 1,
        "change_message": "[{\"added\": {}}, {\"added\": {\"name\": \"Warehouse\", \"object\": \"product: \\u041c\\u044b\\u0448\\u044c A4TECH Bloody P91, shop: \\u0421\\u0438\\u0442\\u0438\\u043b\\u0438\\u043d\\u043a, price: 23.0, amount 12\"}}, {\"added\": {\"name\": \"Warehouse\", \"object\": \"product: \\u041c\\u044b\\u0448\\u044c A4TECH Bloody P91, shop: DNS, price: 25.0, amount 13\"}}, {\"added\": {\"name\": \"Warehouse\", \"object\": \"product: \\u041c\\u044b\\u0448\\u044c A4TECH Bloody P91, shop: \\u041c-\\u0412\\u0438\\u0434\\u0435\\u043e, price: 26.0, amount 12\"}}, {\"added\": {\"name\": \"Product characteristic\", \"object\": \"\\u041c\\u044b\\u0448\\u044c A4TECH Bloody P91 - \\u0418\\u043d\\u0442\\u0435\\u0440\\u0444\\u0435\\u0439\\u0441 - USB 3.0\"}}, {\"added\": {\"name\": \"Product characteristic\", \"object\": \"\\u041c\\u044b\\u0448\\u044c A4TECH Bloody P91 - \\u0420\\u0430\\u0437\\u0440\\u0435\\u0448\\u0435\\u043d\\u0438\\u0435 \\u0441\\u0435\\u043d\\u0441\\u043e\\u0440\\u0430 - 5000 dpi\"}}]"
    }
},
{
    "model": "admin.logentry",
    "pk": 83,
    "fields": {
        "action_time": "2021-08-08T07:58:06.651Z",
        "user": 1,
        "content_type": 8,
        "object_id": "34",
        "object_repr": "Мышь MICROSOFT Bluetooth for Business",
        "action_flag": 1,
        "change_message": "[{\"added\": {}}, {\"added\": {\"name\": \"Warehouse\", \"object\": \"product: \\u041c\\u044b\\u0448\\u044c MICROSOFT Bluetooth for Business, shop: \\u0421\\u0438\\u0442\\u0438\\u043b\\u0438\\u043d\\u043a, price: 15.0, amount 12\"}}, {\"added\": {\"name\": \"Warehouse\", \"object\": \"product: \\u041c\\u044b\\u0448\\u044c MICROSOFT Bluetooth for Business, shop: DNS, price: 16.0, amount 13\"}}, {\"added\": {\"name\": \"Warehouse\", \"object\": \"product: \\u041c\\u044b\\u0448\\u044c MICROSOFT Bluetooth for Business, shop: \\u041c-\\u0412\\u0438\\u0434\\u0435\\u043e, price: 17.0, amount 12\"}}, {\"added\": {\"name\": \"Product characteristic\", \"object\": \"\\u041c\\u044b\\u0448\\u044c MICROSOFT Bluetooth for Business - \\u0418\\u043d\\u0442\\u0435\\u0440\\u0444\\u0435\\u0439\\u0441 - Bluetooth\"}}, {\"added\": {\"name\": \"Product characteristic\", \"object\": \"\\u041c\\u044b\\u0448\\u044c MICROSOFT Bluetooth for Business - \\u0420\\u0430\\u0437\\u0440\\u0435\\u0448\\u0435\\u043d\\u0438\\u0435 \\u0441\\u0435\\u043d\\u0441\\u043e\\u0440\\u0430 - 1000 dpi\"}}]"
    }
},
{
    "model": "admin.logentry",
    "pk": 84,
    "fields": {
        "action_time": "2021-08-08T08:38:19.296Z",
        "user": 1,
        "content_type": 22,
        "object_id": "18",
        "object_repr": "Разрешение матрицы",
        "action_flag": 1,
        "change_message": "[{\"added\": {}}]"
    }
},
{
    "model": "admin.logentry",
    "pk": 85,
    "fields": {
        "action_time": "2021-08-08T08:39:58.942Z",
        "user": 1,
        "content_type": 8,
        "object_id": "35",
        "object_repr": "Web-камера AVERMEDIA BO317",
        "action_flag": 1,
        "change_message": "[{\"added\": {}}, {\"added\": {\"name\": \"Warehouse\", \"object\": \"product: Web-\\u043a\\u0430\\u043c\\u0435\\u0440\\u0430 AVERMEDIA BO317, shop: DNS, price: 800.0, amount 6\"}}, {\"added\": {\"name\": \"Warehouse\", \"object\": \"product: Web-\\u043a\\u0430\\u043c\\u0435\\u0440\\u0430 AVERMEDIA BO317, shop: \\u041c-\\u0412\\u0438\\u0434\\u0435\\u043e, price: 810.0, amount 7\"}}, {\"added\": {\"name\": \"Product characteristic\", \"object\": \"Web-\\u043a\\u0430\\u043c\\u0435\\u0440\\u0430 AVERMEDIA BO317 - \\u0420\\u0430\\u0437\\u0440\\u0435\\u0448\\u0435\\u043d\\u0438\\u0435 \\u043c\\u0430\\u0442\\u0440\\u0438\\u0446\\u044b - 1920 \\u0445 1080\"}}, {\"added\": {\"name\": \"Product characteristic\", \"object\": \"Web-\\u043a\\u0430\\u043c\\u0435\\u0440\\u0430 AVERMEDIA BO317 - \\u0418\\u043d\\u0442\\u0435\\u0440\\u0444\\u0435\\u0439\\u0441 - USB2.0\"}}]"
    }
},
{
    "model": "admin.logentry",
    "pk": 86,
    "fields": {
        "action_time": "2021-08-08T08:41:29.094Z",
        "user": 1,
        "content_type": 8,
        "object_id": "36",
        "object_repr": "Web-камера DEFENDER G-Lens 2579",
        "action_flag": 1,
        "change_message": "[{\"added\": {}}, {\"added\": {\"name\": \"Warehouse\", \"object\": \"product: Web-\\u043a\\u0430\\u043c\\u0435\\u0440\\u0430 DEFENDER G-Lens 2579, shop: DNS, price: 12.0, amount 7\"}}, {\"added\": {\"name\": \"Warehouse\", \"object\": \"product: Web-\\u043a\\u0430\\u043c\\u0435\\u0440\\u0430 DEFENDER G-Lens 2579, shop: \\u041c-\\u0412\\u0438\\u0434\\u0435\\u043e, price: 13.0, amount 8\"}}, {\"added\": {\"name\": \"Product characteristic\", \"object\": \"Web-\\u043a\\u0430\\u043c\\u0435\\u0440\\u0430 DEFENDER G-Lens 2579 - \\u0420\\u0430\\u0437\\u0440\\u0435\\u0448\\u0435\\u043d\\u0438\\u0435 \\u043c\\u0430\\u0442\\u0440\\u0438\\u0446\\u044b - 1280 \\u0445 720\"}}, {\"added\": {\"name\": \"Product characteristic\", \"object\": \"Web-\\u043a\\u0430\\u043c\\u0435\\u0440\\u0430 DEFENDER G-Lens 2579 - \\u0418\\u043d\\u0442\\u0435\\u0440\\u0444\\u0435\\u0439\\u0441 - USB2.0\"}}]"
    }
},
{
    "model": "admin.logentry",
    "pk": 87,
    "fields": {
        "action_time": "2021-08-08T08:43:07.072Z",
        "user": 1,
        "content_type": 8,
        "object_id": "37",
        "object_repr": "Web-камера LOGITECH HD Pro C925e",
        "action_flag": 1,
        "change_message": "[{\"added\": {}}, {\"added\": {\"name\": \"Warehouse\", \"object\": \"product: Web-\\u043a\\u0430\\u043c\\u0435\\u0440\\u0430 LOGITECH HD Pro C925e, shop: DNS, price: 120.0, amount 9\"}}, {\"added\": {\"name\": \"Warehouse\", \"object\": \"product: Web-\\u043a\\u0430\\u043c\\u0435\\u0440\\u0430 LOGITECH HD Pro C925e, shop: \\u041c-\\u0412\\u0438\\u0434\\u0435\\u043e, price: 125.0, amount 8\"}}, {\"added\": {\"name\": \"Product characteristic\", \"object\": \"Web-\\u043a\\u0430\\u043c\\u0435\\u0440\\u0430 LOGITECH HD Pro C925e - \\u0420\\u0430\\u0437\\u0440\\u0435\\u0448\\u0435\\u043d\\u0438\\u0435 \\u043c\\u0430\\u0442\\u0440\\u0438\\u0446\\u044b - 1920 \\u0445 1080\"}}, {\"added\": {\"name\": \"Product characteristic\", \"object\": \"Web-\\u043a\\u0430\\u043c\\u0435\\u0440\\u0430 LOGITECH HD Pro C925e - \\u0418\\u043d\\u0442\\u0435\\u0440\\u0444\\u0435\\u0439\\u0441 - USB2.0\"}}]"
    }
},
{
    "model": "admin.logentry",
    "pk": 88,
    "fields": {
        "action_time": "2021-08-08T08:49:25.204Z",
        "user": 1,
        "content_type": 8,
        "object_id": "38",
        "object_repr": "Сервер IRU Rock S1102E 1xE-2234",
        "action_flag": 1,
        "change_message": "[{\"added\": {}}, {\"added\": {\"name\": \"Warehouse\", \"object\": \"product: \\u0421\\u0435\\u0440\\u0432\\u0435\\u0440 IRU Rock S1102E 1xE-2234, shop: \\u0421\\u0438\\u0442\\u0438\\u043b\\u0438\\u043d\\u043a, price: 1050.0, amount 3\"}}, {\"added\": {\"name\": \"Warehouse\", \"object\": \"product: \\u0421\\u0435\\u0440\\u0432\\u0435\\u0440 IRU Rock S1102E 1xE-2234, shop: \\u041c-\\u0412\\u0438\\u0434\\u0435\\u043e, price: 1070.0, amount 2\"}}, {\"added\": {\"name\": \"Product characteristic\", \"object\": \"\\u0421\\u0435\\u0440\\u0432\\u0435\\u0440 IRU Rock S1102E 1xE-2234 - \\u0424\\u043e\\u0440\\u043c-\\u0444\\u0430\\u043a\\u0442\\u043e\\u0440 - Rack\"}}, {\"added\": {\"name\": \"Product characteristic\", \"object\": \"\\u0421\\u0435\\u0440\\u0432\\u0435\\u0440 IRU Rock S1102E 1xE-2234 - \\u041f\\u0440\\u043e\\u0446\\u0435\\u0441\\u0441\\u043e\\u0440 - Intel Xeon\"}}, {\"added\": {\"name\": \"Product characteristic\", \"object\": \"\\u0421\\u0435\\u0440\\u0432\\u0435\\u0440 IRU Rock S1102E 1xE-2234 - \\u041e\\u043f\\u0435\\u0440\\u0430\\u0442\\u0438\\u0432\\u043d\\u0430\\u044f \\u043f\\u0430\\u043c\\u044f\\u0442\\u044c - DDR4 1 x 16 \\u0413\\u0411\"}}, {\"added\": {\"name\": \"Product characteristic\", \"object\": \"\\u0421\\u0435\\u0440\\u0432\\u0435\\u0440 IRU Rock S1102E 1xE-2234 - \\u041e\\u0431\\u044a\\u0435\\u043c HDD - 2 \\u0445 240 \\u0413\\u0411\"}}]"
    }
},
{
    "model": "admin.logentry",
    "pk": 89,
    "fields": {
        "action_time": "2021-08-08T08:51:54.544Z",
        "user": 1,
        "content_type": 8,
        "object_id": "39",
        "object_repr": "Сервер Lenovo ThinkSystem ST50",
        "action_flag": 1,
        "change_message": "[{\"added\": {}}, {\"added\": {\"name\": \"Warehouse\", \"object\": \"product: \\u0421\\u0435\\u0440\\u0432\\u0435\\u0440 Lenovo ThinkSystem ST50, shop: \\u0421\\u0438\\u0442\\u0438\\u043b\\u0438\\u043d\\u043a, price: 400.0, amount 7\"}}, {\"added\": {\"name\": \"Warehouse\", \"object\": \"product: \\u0421\\u0435\\u0440\\u0432\\u0435\\u0440 Lenovo ThinkSystem ST50, shop: DNS, price: 410.0, amount 6\"}}, {\"added\": {\"name\": \"Product characteristic\", \"object\": \"\\u0421\\u0435\\u0440\\u0432\\u0435\\u0440 Lenovo ThinkSystem ST50 - \\u0424\\u043e\\u0440\\u043c-\\u0444\\u0430\\u043a\\u0442\\u043e\\u0440 - Tower\"}}, {\"added\": {\"name\": \"Product characteristic\", \"object\": \"\\u0421\\u0435\\u0440\\u0432\\u0435\\u0440 Lenovo ThinkSystem ST50 - \\u041f\\u0440\\u043e\\u0446\\u0435\\u0441\\u0441\\u043e\\u0440 - Intel Core i3\"}}, {\"added\": {\"name\": \"Product characteristic\", \"object\": \"\\u0421\\u0435\\u0440\\u0432\\u0435\\u0440 Lenovo ThinkSystem ST50 - \\u041e\\u043f\\u0435\\u0440\\u0430\\u0442\\u0438\\u0432\\u043d\\u0430\\u044f \\u043f\\u0430\\u043c\\u044f\\u0442\\u044c - DDR4 1 x 16 \\u0413\\u0411\"}}, {\"added\": {\"name\": \"Product characteristic\", \"object\": \"\\u0421\\u0435\\u0440\\u0432\\u0435\\u0440 Lenovo ThinkSystem ST50 - \\u041e\\u0431\\u044a\\u0435\\u043c HDD - 2 \\u0445 1 \\u0422\\u0411\"}}]"
    }
},
{
    "model": "admin.logentry",
    "pk": 90,
    "fields": {
        "action_time": "2021-08-08T08:53:58.623Z",
        "user": 1,
        "content_type": 8,
        "object_id": "40",
        "object_repr": "Сервер HPE ProLiant MicroServer Gen10 Plus",
        "action_flag": 1,
        "change_message": "[{\"added\": {}}, {\"added\": {\"name\": \"Warehouse\", \"object\": \"product: \\u0421\\u0435\\u0440\\u0432\\u0435\\u0440 HPE ProLiant MicroServer Gen10 Plus, shop: \\u0421\\u0438\\u0442\\u0438\\u043b\\u0438\\u043d\\u043a, price: 650.0, amount 5\"}}, {\"added\": {\"name\": \"Warehouse\", \"object\": \"product: \\u0421\\u0435\\u0440\\u0432\\u0435\\u0440 HPE ProLiant MicroServer Gen10 Plus, shop: DNS, price: 660.0, amount 4\"}}, {\"added\": {\"name\": \"Product characteristic\", \"object\": \"\\u0421\\u0435\\u0440\\u0432\\u0435\\u0440 HPE ProLiant MicroServer Gen10 Plus - \\u0424\\u043e\\u0440\\u043c-\\u0444\\u0430\\u043a\\u0442\\u043e\\u0440 - Tower\"}}, {\"added\": {\"name\": \"Product characteristic\", \"object\": \"\\u0421\\u0435\\u0440\\u0432\\u0435\\u0440 HPE ProLiant MicroServer Gen10 Plus - \\u041f\\u0440\\u043e\\u0446\\u0435\\u0441\\u0441\\u043e\\u0440 - Intel Pentium\"}}, {\"added\": {\"name\": \"Product characteristic\", \"object\": \"\\u0421\\u0435\\u0440\\u0432\\u0435\\u0440 HPE ProLiant MicroServer Gen10 Plus - \\u041e\\u043f\\u0435\\u0440\\u0430\\u0442\\u0438\\u0432\\u043d\\u0430\\u044f \\u043f\\u0430\\u043c\\u044f\\u0442\\u044c - DDR4 1 x 16 \\u0413\\u0411\"}}]"
    }
},
{
    "model": "admin.logentry",
    "pk": 91,
    "fields": {
        "action_time": "2021-08-08T08:56:48.201Z",
        "user": 1,
        "content_type": 8,
        "object_id": "41",
        "object_repr": "Экран защиты информации 3M PF125W9B для ноутбука 12.5\"",
        "action_flag": 1,
        "change_message": "[{\"added\": {}}, {\"added\": {\"name\": \"Warehouse\", \"object\": \"product: \\u042d\\u043a\\u0440\\u0430\\u043d \\u0437\\u0430\\u0449\\u0438\\u0442\\u044b \\u0438\\u043d\\u0444\\u043e\\u0440\\u043c\\u0430\\u0446\\u0438\\u0438 3M PF125W9B \\u0434\\u043b\\u044f \\u043d\\u043e\\u0443\\u0442\\u0431\\u0443\\u043a\\u0430 12.5\\\", shop: \\u0421\\u0438\\u0442\\u0438\\u043b\\u0438\\u043d\\u043a, price: 60.0, amount 8\"}}, {\"added\": {\"name\": \"Warehouse\", \"object\": \"product: \\u042d\\u043a\\u0440\\u0430\\u043d \\u0437\\u0430\\u0449\\u0438\\u0442\\u044b \\u0438\\u043d\\u0444\\u043e\\u0440\\u043c\\u0430\\u0446\\u0438\\u0438 3M PF125W9B \\u0434\\u043b\\u044f \\u043d\\u043e\\u0443\\u0442\\u0431\\u0443\\u043a\\u0430 12.5\\\", shop: DNS, price: 62.0, amount 7\"}}, {\"added\": {\"name\": \"Warehouse\", \"object\": \"product: \\u042d\\u043a\\u0440\\u0430\\u043d \\u0437\\u0430\\u0449\\u0438\\u0442\\u044b \\u0438\\u043d\\u0444\\u043e\\u0440\\u043c\\u0430\\u0446\\u0438\\u0438 3M PF125W9B \\u0434\\u043b\\u044f \\u043d\\u043e\\u0443\\u0442\\u0431\\u0443\\u043a\\u0430 12.5\\\", shop: \\u041c-\\u0412\\u0438\\u0434\\u0435\\u043e, price: 65.0, amount 8\"}}]"
    }
},
{
    "model": "admin.logentry",
    "pk": 92,
    "fields": {
        "action_time": "2021-08-08T08:58:27.020Z",
        "user": 1,
        "content_type": 8,
        "object_id": "42",
        "object_repr": "Чехол для ноутбука 15.6\" HP Chroma",
        "action_flag": 1,
        "change_message": "[{\"added\": {}}, {\"added\": {\"name\": \"Warehouse\", \"object\": \"product: \\u0427\\u0435\\u0445\\u043e\\u043b \\u0434\\u043b\\u044f \\u043d\\u043e\\u0443\\u0442\\u0431\\u0443\\u043a\\u0430 15.6\\\" HP Chroma, shop: \\u0421\\u0438\\u0442\\u0438\\u043b\\u0438\\u043d\\u043a, price: 13.0, amount 12\"}}, {\"added\": {\"name\": \"Warehouse\", \"object\": \"product: \\u0427\\u0435\\u0445\\u043e\\u043b \\u0434\\u043b\\u044f \\u043d\\u043e\\u0443\\u0442\\u0431\\u0443\\u043a\\u0430 15.6\\\" HP Chroma, shop: DNS, price: 14.0, amount 13\"}}, {\"added\": {\"name\": \"Warehouse\", \"object\": \"product: \\u0427\\u0435\\u0445\\u043e\\u043b \\u0434\\u043b\\u044f \\u043d\\u043e\\u0443\\u0442\\u0431\\u0443\\u043a\\u0430 15.6\\\" HP Chroma, shop: \\u041c-\\u0412\\u0438\\u0434\\u0435\\u043e, price: 15.0, amount 12\"}}]"
    }
},
{
    "model": "admin.logentry",
    "pk": 93,
    "fields": {
        "action_time": "2021-08-08T09:00:09.823Z",
        "user": 1,
        "content_type": 8,
        "object_id": "43",
        "object_repr": "микрофон HAMA H-57152 для ноутбука",
        "action_flag": 1,
        "change_message": "[{\"added\": {}}, {\"added\": {\"name\": \"Warehouse\", \"object\": \"product: \\u043c\\u0438\\u043a\\u0440\\u043e\\u0444\\u043e\\u043d HAMA H-57152 \\u0434\\u043b\\u044f \\u043d\\u043e\\u0443\\u0442\\u0431\\u0443\\u043a\\u0430, shop: \\u0421\\u0438\\u0442\\u0438\\u043b\\u0438\\u043d\\u043a, price: 3.0, amount 4\"}}, {\"added\": {\"name\": \"Warehouse\", \"object\": \"product: \\u043c\\u0438\\u043a\\u0440\\u043e\\u0444\\u043e\\u043d HAMA H-57152 \\u0434\\u043b\\u044f \\u043d\\u043e\\u0443\\u0442\\u0431\\u0443\\u043a\\u0430, shop: DNS, price: 3.5, amount 9\"}}, {\"added\": {\"name\": \"Warehouse\", \"object\": \"product: \\u043c\\u0438\\u043a\\u0440\\u043e\\u0444\\u043e\\u043d HAMA H-57152 \\u0434\\u043b\\u044f \\u043d\\u043e\\u0443\\u0442\\u0431\\u0443\\u043a\\u0430, shop: \\u041c-\\u0412\\u0438\\u0434\\u0435\\u043e, price: 4.0, amount 1\"}}]"
    }
},
{
    "model": "admin.logentry",
    "pk": 94,
    "fields": {
        "action_time": "2021-08-08T09:03:26.373Z",
        "user": 1,
        "content_type": 8,
        "object_id": "44",
        "object_repr": "Гарнитура игровая SUNWIND SW-HS510G",
        "action_flag": 1,
        "change_message": "[{\"added\": {}}, {\"added\": {\"name\": \"Warehouse\", \"object\": \"product: \\u0413\\u0430\\u0440\\u043d\\u0438\\u0442\\u0443\\u0440\\u0430 \\u0438\\u0433\\u0440\\u043e\\u0432\\u0430\\u044f SUNWIND SW-HS510G, shop: \\u0421\\u0438\\u0442\\u0438\\u043b\\u0438\\u043d\\u043a, price: 140.0, amount 12\"}}, {\"added\": {\"name\": \"Warehouse\", \"object\": \"product: \\u0413\\u0430\\u0440\\u043d\\u0438\\u0442\\u0443\\u0440\\u0430 \\u0438\\u0433\\u0440\\u043e\\u0432\\u0430\\u044f SUNWIND SW-HS510G, shop: DNS, price: 142.0, amount 13\"}}, {\"added\": {\"name\": \"Warehouse\", \"object\": \"product: \\u0413\\u0430\\u0440\\u043d\\u0438\\u0442\\u0443\\u0440\\u0430 \\u0438\\u0433\\u0440\\u043e\\u0432\\u0430\\u044f SUNWIND SW-HS510G, shop: \\u041c-\\u0412\\u0438\\u0434\\u0435\\u043e, price: 146.0, amount 11\"}}]"
    }
},
{
    "model": "admin.logentry",
    "pk": 95,
    "fields": {
        "action_time": "2021-08-08T09:04:54.947Z",
        "user": 1,
        "content_type": 8,
        "object_id": "45",
        "object_repr": "Гарнитура игровая LOGITECH Pro X Lightspeed",
        "action_flag": 1,
        "change_message": "[{\"added\": {}}, {\"added\": {\"name\": \"Warehouse\", \"object\": \"product: \\u0413\\u0430\\u0440\\u043d\\u0438\\u0442\\u0443\\u0440\\u0430 \\u0438\\u0433\\u0440\\u043e\\u0432\\u0430\\u044f LOGITECH Pro X Lightspeed, shop: \\u0421\\u0438\\u0442\\u0438\\u043b\\u0438\\u043d\\u043a, price: 230.0, amount 11\"}}, {\"added\": {\"name\": \"Warehouse\", \"object\": \"product: \\u0413\\u0430\\u0440\\u043d\\u0438\\u0442\\u0443\\u0440\\u0430 \\u0438\\u0433\\u0440\\u043e\\u0432\\u0430\\u044f LOGITECH Pro X Lightspeed, shop: DNS, price: 231.0, amount 12\"}}, {\"added\": {\"name\": \"Warehouse\", \"object\": \"product: \\u0413\\u0430\\u0440\\u043d\\u0438\\u0442\\u0443\\u0440\\u0430 \\u0438\\u0433\\u0440\\u043e\\u0432\\u0430\\u044f LOGITECH Pro X Lightspeed, shop: \\u041c-\\u0412\\u0438\\u0434\\u0435\\u043e, price: 239.0, amount 11\"}}]"
    }
},
{
    "model": "admin.logentry",
    "pk": 96,
    "fields": {
        "action_time": "2021-08-08T09:06:39.845Z",
        "user": 1,
        "content_type": 8,
        "object_id": "46",
        "object_repr": "Гарнитура JABRA Evolve 20 MS Mono",
        "action_flag": 1,
        "change_message": "[{\"added\": {}}, {\"added\": {\"name\": \"Warehouse\", \"object\": \"product: \\u0413\\u0430\\u0440\\u043d\\u0438\\u0442\\u0443\\u0440\\u0430 JABRA Evolve 20 MS Mono, shop: \\u0421\\u0438\\u0442\\u0438\\u043b\\u0438\\u043d\\u043a, price: 27.0, amount 5\"}}, {\"added\": {\"name\": \"Warehouse\", \"object\": \"product: \\u0413\\u0430\\u0440\\u043d\\u0438\\u0442\\u0443\\u0440\\u0430 JABRA Evolve 20 MS Mono, shop: DNS, price: 29.0, amount 6\"}}, {\"added\": {\"name\": \"Warehouse\", \"object\": \"product: \\u0413\\u0430\\u0440\\u043d\\u0438\\u0442\\u0443\\u0440\\u0430 JABRA Evolve 20 MS Mono, shop: \\u041c-\\u0412\\u0438\\u0434\\u0435\\u043e, price: 30.0, amount 7\"}}]"
    }
},
{
    "model": "admin.logentry",
    "pk": 97,
    "fields": {
        "action_time": "2021-08-08T09:09:05.734Z",
        "user": 1,
        "content_type": 12,
        "object_id": "1",
        "object_repr": "Brand new MacBook;Best decision for home or office; active:True",
        "action_flag": 1,
        "change_message": "[{\"added\": {}}]"
    }
},
{
    "model": "admin.logentry",
    "pk": 98,
    "fields": {
        "action_time": "2021-08-08T09:11:24.165Z",
        "user": 1,
        "content_type": 12,
        "object_id": "2",
        "object_repr": "This is Microsoft Surface;Forget about MacBooks; active:True",
        "action_flag": 1,
        "change_message": "[{\"added\": {}}]"
    }
},
{
    "model": "admin.logentry",
    "pk": 99,
    "fields": {
        "action_time": "2021-08-08T09:12:48.426Z",
        "user": 1,
        "content_type": 11,
        "object_id": "1",
        "object_repr": "product: Ноутбук APPLE MacBook Pro M1 13.3\", percent 25, period: None - 2022-08-08 09:12:45+00:00",
        "action_flag": 1,
        "change_message": "[{\"added\": {}}]"
    }
},
{
    "model": "admin.logentry",
    "pk": 100,
    "fields": {
        "action_time": "2021-08-08T09:13:29.424Z",
        "user": 1,
        "content_type": 11,
        "object_id": "2",
        "object_repr": "product: Планшет Microsoft Surface Pro X MSQ2 16Gb 256Gb, percent 33, period: None - 2022-08-08 09:13:26+00:00",
        "action_flag": 1,
        "change_message": "[{\"added\": {}}]"
    }
},
{
    "model": "admin.logentry",
    "pk": 101,
    "fields": {
        "action_time": "2021-08-08T09:14:11.023Z",
        "user": 1,
        "content_type": 11,
        "object_id": "3",
        "object_repr": "product: Ноутбук LENOVO IP Gaming 3 15ARH05, percent 10, period: 2021-08-08 09:14:02+00:00 - 2021-09-08 09:14:06+00:00",
        "action_flag": 1,
        "change_message": "[{\"added\": {}}]"
    }
},
{
    "model": "admin.logentry",
    "pk": 102,
    "fields": {
        "action_time": "2021-08-08T09:15:02.398Z",
        "user": 1,
        "content_type": 11,
        "object_id": "4",
        "object_repr": "product: Сервер IRU Rock S1102E 1xE-2234, percent 15, period: 2021-08-08 09:14:54+00:00 - 2021-09-08 09:14:57+00:00",
        "action_flag": 1,
        "change_message": "[{\"added\": {}}]"
    }
},
{
    "model": "admin.logentry",
    "pk": 103,
    "fields": {
        "action_time": "2021-08-08T09:16:09.335Z",
        "user": 1,
        "content_type": 11,
        "object_id": "4",
        "object_repr": "product: Сервер IRU Rock S1102E 1xE-2234, percent 15, period: 2021-08-08 09:14:54+00:00 - 2021-09-08 09:14:57+00:00",
        "action_flag": 2,
        "change_message": "[{\"changed\": {\"fields\": [\"Shop\"]}}]"
    }
},
{
    "model": "admin.logentry",
    "pk": 104,
    "fields": {
        "action_time": "2021-08-08T09:17:02.875Z",
        "user": 1,
        "content_type": 11,
        "object_id": "5",
        "object_repr": "product: Компьютер IRU Game 527, percent 20, period: 2021-08-08 09:16:54+00:00 - 2021-09-08 09:16:56+00:00",
        "action_flag": 1,
        "change_message": "[{\"added\": {}}]"
    }
},
{
    "model": "admin.logentry",
    "pk": 105,
    "fields": {
        "action_time": "2021-08-10T07:59:55.147Z",
        "user": 5,
        "content_type": 11,
        "object_id": "6",
        "object_repr": "product: Ноутбук LENOVO IP Gaming 3 15ARH05, percent 10, period: None - 2021-10-10 10:59:49+03:00",
        "action_flag": 1,
        "change_message": "[{\"added\": {}}]"
    }
},
{
    "model": "admin.logentry",
    "pk": 106,
    "fields": {
        "action_time": "2021-08-10T11:47:54.271Z",
        "user": 5,
        "content_type": 11,
        "object_id": "1",
        "object_repr": "product: Ноутбук APPLE MacBook Pro M1 13.3\", percent 25, period: None - 2022-08-08 12:12:45+03:00",
        "action_flag": 2,
        "change_message": "[{\"changed\": {\"fields\": [\"Title\", \"Description\"]}}]"
    }
},
{
    "model": "admin.logentry",
    "pk": 107,
    "fields": {
        "action_time": "2021-08-10T11:51:29.025Z",
        "user": 5,
        "content_type": 11,
        "object_id": "2",
        "object_repr": "product: Планшет Microsoft Surface Pro X MSQ2 16Gb 256Gb, percent 33, period: None - 2022-08-08 12:13:26+03:00",
        "action_flag": 2,
        "change_message": "[{\"changed\": {\"fields\": [\"Title\", \"Description\"]}}]"
    }
},
{
    "model": "admin.logentry",
    "pk": 108,
    "fields": {
        "action_time": "2021-08-10T11:52:36.437Z",
        "user": 5,
        "content_type": 11,
        "object_id": "3",
        "object_repr": "product: Ноутбук LENOVO IP Gaming 3 15ARH05, percent 10, period: 2021-08-08 12:14:02+03:00 - 2021-10-08 12:14:06+03:00",
        "action_flag": 2,
        "change_message": "[{\"changed\": {\"fields\": [\"Title\", \"Description\", \"Discount end datetime\"]}}]"
    }
},
{
    "model": "admin.logentry",
    "pk": 109,
    "fields": {
        "action_time": "2021-08-10T11:53:41.633Z",
        "user": 5,
        "content_type": 11,
        "object_id": "4",
        "object_repr": "product: Сервер IRU Rock S1102E 1xE-2234, percent 15, period: 2021-08-08 12:14:54+03:00 - 2021-09-29 12:14:57+03:00",
        "action_flag": 2,
        "change_message": "[{\"changed\": {\"fields\": [\"Title\", \"Description\", \"Discount end datetime\"]}}]"
    }
},
{
    "model": "admin.logentry",
    "pk": 110,
    "fields": {
        "action_time": "2021-08-10T11:54:08.672Z",
        "user": 5,
        "content_type": 11,
        "object_id": "1",
        "object_repr": "product: Ноутбук APPLE MacBook Pro M1 13.3\", percent 25, period: None - 2021-11-01 12:12:45+03:00",
        "action_flag": 2,
        "change_message": "[{\"changed\": {\"fields\": [\"Discount end datetime\"]}}]"
    }
},
{
    "model": "admin.logentry",
    "pk": 111,
    "fields": {
        "action_time": "2021-08-10T11:54:35.407Z",
        "user": 5,
        "content_type": 11,
        "object_id": "2",
        "object_repr": "product: Планшет Microsoft Surface Pro X MSQ2 16Gb 256Gb, percent 33, period: None - 2021-08-08 12:13:26+03:00",
        "action_flag": 2,
        "change_message": "[{\"changed\": {\"fields\": [\"Discount end datetime\"]}}]"
    }
},
{
    "model": "admin.logentry",
    "pk": 112,
    "fields": {
        "action_time": "2021-08-10T11:54:51.705Z",
        "user": 5,
        "content_type": 11,
        "object_id": "2",
        "object_repr": "product: Планшет Microsoft Surface Pro X MSQ2 16Gb 256Gb, percent 33, period: None - 2021-10-08 12:13:26+03:00",
        "action_flag": 2,
        "change_message": "[{\"changed\": {\"fields\": [\"Discount end datetime\"]}}]"
    }
},
{
    "model": "admin.logentry",
    "pk": 113,
    "fields": {
        "action_time": "2021-08-10T11:55:25.328Z",
        "user": 5,
        "content_type": 11,
        "object_id": "5",
        "object_repr": "product: Компьютер IRU Game 527, percent 20, period: 2021-08-08 12:16:54+03:00 - 2021-09-08 12:16:56+03:00",
        "action_flag": 2,
        "change_message": "[{\"changed\": {\"fields\": [\"Title\", \"Description\"]}}]"
    }
},
{
    "model": "auth.permission",
    "pk": 1,
    "fields": {
        "name": "Can add log entry",
        "content_type": 1,
        "codename": "add_logentry"
    }
},
{
    "model": "auth.permission",
    "pk": 2,
    "fields": {
        "name": "Can change log entry",
        "content_type": 1,
        "codename": "change_logentry"
    }
},
{
    "model": "auth.permission",
    "pk": 3,
    "fields": {
        "name": "Can delete log entry",
        "content_type": 1,
        "codename": "delete_logentry"
    }
},
{
    "model": "auth.permission",
    "pk": 4,
    "fields": {
        "name": "Can view log entry",
        "content_type": 1,
        "codename": "view_logentry"
    }
},
{
    "model": "auth.permission",
    "pk": 5,
    "fields": {
        "name": "Can add permission",
        "content_type": 2,
        "codename": "add_permission"
    }
},
{
    "model": "auth.permission",
    "pk": 6,
    "fields": {
        "name": "Can change permission",
        "content_type": 2,
        "codename": "change_permission"
    }
},
{
    "model": "auth.permission",
    "pk": 7,
    "fields": {
        "name": "Can delete permission",
        "content_type": 2,
        "codename": "delete_permission"
    }
},
{
    "model": "auth.permission",
    "pk": 8,
    "fields": {
        "name": "Can view permission",
        "content_type": 2,
        "codename": "view_permission"
    }
},
{
    "model": "auth.permission",
    "pk": 9,
    "fields": {
        "name": "Can add group",
        "content_type": 3,
        "codename": "add_group"
    }
},
{
    "model": "auth.permission",
    "pk": 10,
    "fields": {
        "name": "Can change group",
        "content_type": 3,
        "codename": "change_group"
    }
},
{
    "model": "auth.permission",
    "pk": 11,
    "fields": {
        "name": "Can delete group",
        "content_type": 3,
        "codename": "delete_group"
    }
},
{
    "model": "auth.permission",
    "pk": 12,
    "fields": {
        "name": "Can view group",
        "content_type": 3,
        "codename": "view_group"
    }
},
{
    "model": "auth.permission",
    "pk": 13,
    "fields": {
        "name": "Can add user",
        "content_type": 4,
        "codename": "add_user"
    }
},
{
    "model": "auth.permission",
    "pk": 14,
    "fields": {
        "name": "Can change user",
        "content_type": 4,
        "codename": "change_user"
    }
},
{
    "model": "auth.permission",
    "pk": 15,
    "fields": {
        "name": "Can delete user",
        "content_type": 4,
        "codename": "delete_user"
    }
},
{
    "model": "auth.permission",
    "pk": 16,
    "fields": {
        "name": "Can view user",
        "content_type": 4,
        "codename": "view_user"
    }
},
{
    "model": "auth.permission",
    "pk": 17,
    "fields": {
        "name": "Can add content type",
        "content_type": 5,
        "codename": "add_contenttype"
    }
},
{
    "model": "auth.permission",
    "pk": 18,
    "fields": {
        "name": "Can change content type",
        "content_type": 5,
        "codename": "change_contenttype"
    }
},
{
    "model": "auth.permission",
    "pk": 19,
    "fields": {
        "name": "Can delete content type",
        "content_type": 5,
        "codename": "delete_contenttype"
    }
},
{
    "model": "auth.permission",
    "pk": 20,
    "fields": {
        "name": "Can view content type",
        "content_type": 5,
        "codename": "view_contenttype"
    }
},
{
    "model": "auth.permission",
    "pk": 21,
    "fields": {
        "name": "Can add session",
        "content_type": 6,
        "codename": "add_session"
    }
},
{
    "model": "auth.permission",
    "pk": 22,
    "fields": {
        "name": "Can change session",
        "content_type": 6,
        "codename": "change_session"
    }
},
{
    "model": "auth.permission",
    "pk": 23,
    "fields": {
        "name": "Can delete session",
        "content_type": 6,
        "codename": "delete_session"
    }
},
{
    "model": "auth.permission",
    "pk": 24,
    "fields": {
        "name": "Can view session",
        "content_type": 6,
        "codename": "view_session"
    }
},
{
    "model": "auth.permission",
    "pk": 25,
    "fields": {
        "name": "Can add Category",
        "content_type": 7,
        "codename": "add_category"
    }
},
{
    "model": "auth.permission",
    "pk": 26,
    "fields": {
        "name": "Can change Category",
        "content_type": 7,
        "codename": "change_category"
    }
},
{
    "model": "auth.permission",
    "pk": 27,
    "fields": {
        "name": "Can delete Category",
        "content_type": 7,
        "codename": "delete_category"
    }
},
{
    "model": "auth.permission",
    "pk": 28,
    "fields": {
        "name": "Can view Category",
        "content_type": 7,
        "codename": "view_category"
    }
},
{
    "model": "auth.permission",
    "pk": 29,
    "fields": {
        "name": "Can add Product",
        "content_type": 8,
        "codename": "add_product"
    }
},
{
    "model": "auth.permission",
    "pk": 30,
    "fields": {
        "name": "Can change Product",
        "content_type": 8,
        "codename": "change_product"
    }
},
{
    "model": "auth.permission",
    "pk": 31,
    "fields": {
        "name": "Can delete Product",
        "content_type": 8,
        "codename": "delete_product"
    }
},
{
    "model": "auth.permission",
    "pk": 32,
    "fields": {
        "name": "Can view Product",
        "content_type": 8,
        "codename": "view_product"
    }
},
{
    "model": "auth.permission",
    "pk": 33,
    "fields": {
        "name": "Can add Shop",
        "content_type": 9,
        "codename": "add_shop"
    }
},
{
    "model": "auth.permission",
    "pk": 34,
    "fields": {
        "name": "Can change Shop",
        "content_type": 9,
        "codename": "change_shop"
    }
},
{
    "model": "auth.permission",
    "pk": 35,
    "fields": {
        "name": "Can delete Shop",
        "content_type": 9,
        "codename": "delete_shop"
    }
},
{
    "model": "auth.permission",
    "pk": 36,
    "fields": {
        "name": "Can view Shop",
        "content_type": 9,
        "codename": "view_shop"
    }
},
{
    "model": "auth.permission",
    "pk": 37,
    "fields": {
        "name": "Can add Warehouse",
        "content_type": 10,
        "codename": "add_warehouse"
    }
},
{
    "model": "auth.permission",
    "pk": 38,
    "fields": {
        "name": "Can change Warehouse",
        "content_type": 10,
        "codename": "change_warehouse"
    }
},
{
    "model": "auth.permission",
    "pk": 39,
    "fields": {
        "name": "Can delete Warehouse",
        "content_type": 10,
        "codename": "delete_warehouse"
    }
},
{
    "model": "auth.permission",
    "pk": 40,
    "fields": {
        "name": "Can view Warehouse",
        "content_type": 10,
        "codename": "view_warehouse"
    }
},
{
    "model": "auth.permission",
    "pk": 41,
    "fields": {
        "name": "Can add Discount",
        "content_type": 11,
        "codename": "add_discount"
    }
},
{
    "model": "auth.permission",
    "pk": 42,
    "fields": {
        "name": "Can change Discount",
        "content_type": 11,
        "codename": "change_discount"
    }
},
{
    "model": "auth.permission",
    "pk": 43,
    "fields": {
        "name": "Can delete Discount",
        "content_type": 11,
        "codename": "delete_discount"
    }
},
{
    "model": "auth.permission",
    "pk": 44,
    "fields": {
        "name": "Can view Discount",
        "content_type": 11,
        "codename": "view_discount"
    }
},
{
    "model": "auth.permission",
    "pk": 45,
    "fields": {
        "name": "Can add banner",
        "content_type": 12,
        "codename": "add_banner"
    }
},
{
    "model": "auth.permission",
    "pk": 46,
    "fields": {
        "name": "Can change banner",
        "content_type": 12,
        "codename": "change_banner"
    }
},
{
    "model": "auth.permission",
    "pk": 47,
    "fields": {
        "name": "Can delete banner",
        "content_type": 12,
        "codename": "delete_banner"
    }
},
{
    "model": "auth.permission",
    "pk": 48,
    "fields": {
        "name": "Can view banner",
        "content_type": 12,
        "codename": "view_banner"
    }
},
{
    "model": "auth.permission",
    "pk": 49,
    "fields": {
        "name": "Can add Profile",
        "content_type": 13,
        "codename": "add_profile"
    }
},
{
    "model": "auth.permission",
    "pk": 50,
    "fields": {
        "name": "Can change Profile",
        "content_type": 13,
        "codename": "change_profile"
    }
},
{
    "model": "auth.permission",
    "pk": 51,
    "fields": {
        "name": "Can delete Profile",
        "content_type": 13,
        "codename": "delete_profile"
    }
},
{
    "model": "auth.permission",
    "pk": 52,
    "fields": {
        "name": "Can view Profile",
        "content_type": 13,
        "codename": "view_profile"
    }
},
{
    "model": "auth.permission",
    "pk": 53,
    "fields": {
        "name": "Can add recent product",
        "content_type": 14,
        "codename": "add_recentproduct"
    }
},
{
    "model": "auth.permission",
    "pk": 54,
    "fields": {
        "name": "Can change recent product",
        "content_type": 14,
        "codename": "change_recentproduct"
    }
},
{
    "model": "auth.permission",
    "pk": 55,
    "fields": {
        "name": "Can delete recent product",
        "content_type": 14,
        "codename": "delete_recentproduct"
    }
},
{
    "model": "auth.permission",
    "pk": 56,
    "fields": {
        "name": "Can view recent product",
        "content_type": 14,
        "codename": "view_recentproduct"
    }
},
{
    "model": "auth.permission",
    "pk": 57,
    "fields": {
        "name": "Can add Cart",
        "content_type": 15,
        "codename": "add_cart"
    }
},
{
    "model": "auth.permission",
    "pk": 58,
    "fields": {
        "name": "Can change Cart",
        "content_type": 15,
        "codename": "change_cart"
    }
},
{
    "model": "auth.permission",
    "pk": 59,
    "fields": {
        "name": "Can delete Cart",
        "content_type": 15,
        "codename": "delete_cart"
    }
},
{
    "model": "auth.permission",
    "pk": 60,
    "fields": {
        "name": "Can view Cart",
        "content_type": 15,
        "codename": "view_cart"
    }
},
{
    "model": "auth.permission",
    "pk": 61,
    "fields": {
        "name": "Can add Review",
        "content_type": 16,
        "codename": "add_review"
    }
},
{
    "model": "auth.permission",
    "pk": 62,
    "fields": {
        "name": "Can change Review",
        "content_type": 16,
        "codename": "change_review"
    }
},
{
    "model": "auth.permission",
    "pk": 63,
    "fields": {
        "name": "Can delete Review",
        "content_type": 16,
        "codename": "delete_review"
    }
},
{
    "model": "auth.permission",
    "pk": 64,
    "fields": {
        "name": "Can view Review",
        "content_type": 16,
        "codename": "view_review"
    }
},
{
    "model": "auth.permission",
    "pk": 65,
    "fields": {
        "name": "Can add Cartline",
        "content_type": 17,
        "codename": "add_cartline"
    }
},
{
    "model": "auth.permission",
    "pk": 66,
    "fields": {
        "name": "Can change Cartline",
        "content_type": 17,
        "codename": "change_cartline"
    }
},
{
    "model": "auth.permission",
    "pk": 67,
    "fields": {
        "name": "Can delete Cartline",
        "content_type": 17,
        "codename": "delete_cartline"
    }
},
{
    "model": "auth.permission",
    "pk": 68,
    "fields": {
        "name": "Can view Cartline",
        "content_type": 17,
        "codename": "view_cartline"
    }
},
{
    "model": "auth.permission",
    "pk": 69,
    "fields": {
        "name": "Can add delivery method",
        "content_type": 18,
        "codename": "add_deliverymethod"
    }
},
{
    "model": "auth.permission",
    "pk": 70,
    "fields": {
        "name": "Can change delivery method",
        "content_type": 18,
        "codename": "change_deliverymethod"
    }
},
{
    "model": "auth.permission",
    "pk": 71,
    "fields": {
        "name": "Can delete delivery method",
        "content_type": 18,
        "codename": "delete_deliverymethod"
    }
},
{
    "model": "auth.permission",
    "pk": 72,
    "fields": {
        "name": "Can view delivery method",
        "content_type": 18,
        "codename": "view_deliverymethod"
    }
},
{
    "model": "auth.permission",
    "pk": 73,
    "fields": {
        "name": "Can add payment method",
        "content_type": 19,
        "codename": "add_paymentmethod"
    }
},
{
    "model": "auth.permission",
    "pk": 74,
    "fields": {
        "name": "Can change payment method",
        "content_type": 19,
        "codename": "change_paymentmethod"
    }
},
{
    "model": "auth.permission",
    "pk": 75,
    "fields": {
        "name": "Can delete payment method",
        "content_type": 19,
        "codename": "delete_paymentmethod"
    }
},
{
    "model": "auth.permission",
    "pk": 76,
    "fields": {
        "name": "Can view payment method",
        "content_type": 19,
        "codename": "view_paymentmethod"
    }
},
{
    "model": "auth.permission",
    "pk": 77,
    "fields": {
        "name": "Can add payment state",
        "content_type": 20,
        "codename": "add_paymentstate"
    }
},
{
    "model": "auth.permission",
    "pk": 78,
    "fields": {
        "name": "Can change payment state",
        "content_type": 20,
        "codename": "change_paymentstate"
    }
},
{
    "model": "auth.permission",
    "pk": 79,
    "fields": {
        "name": "Can delete payment state",
        "content_type": 20,
        "codename": "delete_paymentstate"
    }
},
{
    "model": "auth.permission",
    "pk": 80,
    "fields": {
        "name": "Can view payment state",
        "content_type": 20,
        "codename": "view_paymentstate"
    }
},
{
    "model": "auth.permission",
    "pk": 81,
    "fields": {
        "name": "Can add order",
        "content_type": 21,
        "codename": "add_order"
    }
},
{
    "model": "auth.permission",
    "pk": 82,
    "fields": {
        "name": "Can change order",
        "content_type": 21,
        "codename": "change_order"
    }
},
{
    "model": "auth.permission",
    "pk": 83,
    "fields": {
        "name": "Can delete order",
        "content_type": 21,
        "codename": "delete_order"
    }
},
{
    "model": "auth.permission",
    "pk": 84,
    "fields": {
        "name": "Can view order",
        "content_type": 21,
        "codename": "view_order"
    }
},
{
    "model": "auth.permission",
    "pk": 85,
    "fields": {
        "name": "Can add Characteristic",
        "content_type": 22,
        "codename": "add_characteristic"
    }
},
{
    "model": "auth.permission",
    "pk": 86,
    "fields": {
        "name": "Can change Characteristic",
        "content_type": 22,
        "codename": "change_characteristic"
    }
},
{
    "model": "auth.permission",
    "pk": 87,
    "fields": {
        "name": "Can delete Characteristic",
        "content_type": 22,
        "codename": "delete_characteristic"
    }
},
{
    "model": "auth.permission",
    "pk": 88,
    "fields": {
        "name": "Can view Characteristic",
        "content_type": 22,
        "codename": "view_characteristic"
    }
},
{
    "model": "auth.permission",
    "pk": 89,
    "fields": {
        "name": "Can add Product characteristic",
        "content_type": 23,
        "codename": "add_productcharacteristic"
    }
},
{
    "model": "auth.permission",
    "pk": 90,
    "fields": {
        "name": "Can change Product characteristic",
        "content_type": 23,
        "codename": "change_productcharacteristic"
    }
},
{
    "model": "auth.permission",
    "pk": 91,
    "fields": {
        "name": "Can delete Product characteristic",
        "content_type": 23,
        "codename": "delete_productcharacteristic"
    }
},
{
    "model": "auth.permission",
    "pk": 92,
    "fields": {
        "name": "Can view Product characteristic",
        "content_type": 23,
        "codename": "view_productcharacteristic"
    }
},
{
    "model": "auth.permission",
    "pk": 93,
    "fields": {
        "name": "Can add Compare product",
        "content_type": 24,
        "codename": "add_compareproduct"
    }
},
{
    "model": "auth.permission",
    "pk": 94,
    "fields": {
        "name": "Can change Compare product",
        "content_type": 24,
        "codename": "change_compareproduct"
    }
},
{
    "model": "auth.permission",
    "pk": 95,
    "fields": {
        "name": "Can delete Compare product",
        "content_type": 24,
        "codename": "delete_compareproduct"
    }
},
{
    "model": "auth.permission",
    "pk": 96,
    "fields": {
        "name": "Can view Compare product",
        "content_type": 24,
        "codename": "view_compareproduct"
    }
},
{
    "model": "auth.user",
    "pk": 1,
    "fields": {
        "password": "pbkdf2_sha256$260000$NEsTDHigZNd7SKi1vAC0Nj$4hLfCtEsqvydTIGZaStUTs6puaroWlaQ7FG5gBwZrXY=",
        "last_login": "2021-08-06T06:32:14.428Z",
        "is_superuser": true,
        "username": "admin",
        "first_name": "",
        "last_name": "",
        "email": "",
        "is_staff": true,
        "is_active": true,
        "date_joined": "2021-08-06T06:31:11.476Z",
        "groups": [],
        "user_permissions": []
    }
},
{
    "model": "auth.user",
    "pk": 2,
    "fields": {
        "password": "",
        "last_login": null,
        "is_superuser": false,
        "username": "AnonymousUser",
        "first_name": "",
        "last_name": "",
        "email": "",
        "is_staff": false,
        "is_active": true,
        "date_joined": "2021-08-06T06:31:54.050Z",
        "groups": [],
        "user_permissions": []
    }
},
{
    "model": "auth.user",
    "pk": 3,
    "fields": {
        "password": "pbkdf2_sha256$260000$ObJryKAvhLefkRoxpmyBIs$rDfAp3yiDzER9RGQMa80zzmGq2jNm8Gu2iit41A5aSk=",
        "last_login": null,
        "is_superuser": false,
        "username": "support_moderator",
        "first_name": "",
        "last_name": "",
        "email": "",
        "is_staff": true,
        "is_active": true,
        "date_joined": "2021-08-06T06:34:02Z",
        "groups": [],
        "user_permissions": []
    }
},
{
    "model": "auth.user",
    "pk": 4,
    "fields": {
        "password": "pbkdf2_sha256$260000$HEnmtENAWbOIASI8vCQTLy$ZXwGf5a2aBS/k95ijPizjshy1SbGcbZfMbDVu0kOJ2k=",
        "last_login": null,
        "is_superuser": false,
        "username": "testuser",
        "first_name": "",
        "last_name": "",
        "email": "",
        "is_staff": false,
        "is_active": true,
        "date_joined": "2021-08-06T06:37:27Z",
        "groups": [],
        "user_permissions": []
    }
},
{
    "model": "auth.user",
    "pk": 5,
    "fields": {
        "password": "pbkdf2_sha256$260000$0kAjdxz88CMLwmza3acPDn$xGeeweePhXEUiDB1n+jYHCrranBhg9NZGZNlP7R7nVo=",
        "last_login": "2021-08-10T07:57:58.520Z",
        "is_superuser": true,
        "username": "Stanislav",
        "first_name": "",
        "last_name": "",
        "email": "",
        "is_staff": true,
        "is_active": true,
        "date_joined": "2021-08-10T07:49:11.052Z",
        "groups": [],
        "user_permissions": []
    }
},
{
    "model": "sessions.session",
    "pk": "4ojvb3409tze7mw0499o04serqqnstiz",
    "fields": {
        "session_data": ".eJxVjDsOwjAQRO_iGlm212tvKOk5Q-RdGxxAjpRPhbg7iZQCminmvZm36tO61H6dy9QPWZ0VqtNvx0mepe0gP1K7j1rGtkwD613RB531dczldTncv4Oa5rqtwQnLFsTQsTUULEN0AZBuGD2SFTTBgCmWHXgH0IkQhuh9jshE6vMFsV42Iw:1mDMe6:-vlAJmAWHDr9uMvrCQm-frCW3INXWWyvQAzkAuNBhD0",
        "expire_date": "2021-08-24T07:57:58.523Z"
    }
},
{
    "model": "sessions.session",
    "pk": "hv3cxley8m6wz8o8zgfs7xzp3sil134k",
    "fields": {
        "session_data": ".eJxVjDsOwjAQRO_iGlm212tvKOk5Q-RdGxxAjpRPhbg7iZQCminmvZm36tO61H6dy9QPWZ0VqtNvx0mepe0gP1K7j1rGtkwD613RB531dczldTncv4Oa5rqtwQnLFsTQsTUULEN0AZBuGD2SFTTBgCmWHXgH0IkQhuh9jshE6vMFsV42Iw:1mDMVl:IaXgDIusM-AU-ev-hKI-Pev5xl8ZqVSEdpCne7Y4M-0",
        "expire_date": "2021-08-24T07:49:21.598Z"
    }
},
{
    "model": "sessions.session",
    "pk": "mt6jzn5hdjcvzrhoyepe1jqg2sjg9ejw",
    "fields": {
        "session_data": ".eJxVjEsOwjAMBe-SNYrqxHFaluw5Q-XEDi2gRupnhbg7VOoCtm9m3sv0vK1Dvy0696OYswFz-t0S54dOO5A7T7dqc53WeUx2V-xBF3utos_L4f4dDLwM3zo6TgTZIzqOQSBB2xBJKzEQ-pKckpZCnHPU7BQ6QvSsCFiaAF0w7w_axzef:1mBtOw:iH5PSllnbVwoVp5-8rZH1IPCYsG9eGeYvGCoNIphB6M",
        "expire_date": "2021-08-20T06:32:14.434Z"
    }
},
{
    "model": "main.category",
    "pk": 1,
    "fields": {
        "name": "Laptops",
        "is_active": true,
        "parent_category": null,
        "sort_index": 0,
        "img": "category_images/7.svg"
    }
},
{
    "model": "main.category",
    "pk": 2,
    "fields": {
        "name": "Gaming laptops",
        "is_active": true,
        "parent_category": 1,
        "sort_index": 0,
        "img": "category_images/10.svg"
    }
},
{
    "model": "main.category",
    "pk": 3,
    "fields": {
        "name": "MacBooks",
        "is_active": true,
        "parent_category": 1,
        "sort_index": 1,
        "img": "category_images/8.svg"
    }
},
{
    "model": "main.category",
    "pk": 4,
    "fields": {
        "name": "Office laptops",
        "is_active": true,
        "parent_category": 1,
        "sort_index": 2,
        "img": "category_images/9.svg"
    }
},
{
    "model": "main.category",
    "pk": 5,
    "fields": {
        "name": "Microsoft Surface Laptops",
        "is_active": true,
        "parent_category": 1,
        "sort_index": 3,
        "img": "category_images/11.svg"
    }
},
{
    "model": "main.category",
    "pk": 6,
    "fields": {
        "name": "Chromebooks",
        "is_active": true,
        "parent_category": 1,
        "sort_index": 4,
        "img": "category_images/4.svg"
    }
},
{
    "model": "main.category",
    "pk": 7,
    "fields": {
        "name": "Desktops",
        "is_active": true,
        "parent_category": null,
        "sort_index": 1,
        "img": "category_images/1.svg"
    }
},
{
    "model": "main.category",
    "pk": 8,
    "fields": {
        "name": "Gaming desktops",
        "is_active": true,
        "parent_category": 7,
        "sort_index": 0,
        "img": "category_images/7_2VDyzyL.svg"
    }
},
{
    "model": "main.category",
    "pk": 9,
    "fields": {
        "name": "Office desktops",
        "is_active": true,
        "parent_category": 7,
        "sort_index": 1,
        "img": "category_images/3.svg"
    }
},
{
    "model": "main.category",
    "pk": 10,
    "fields": {
        "name": "Cheap desktops",
        "is_active": true,
        "parent_category": 7,
        "sort_index": 2,
        "img": "category_images/4_jMuSksn.svg"
    }
},
{
    "model": "main.category",
    "pk": 11,
    "fields": {
        "name": "HDD and SSD",
        "is_active": true,
        "parent_category": null,
        "sort_index": 2,
        "img": "category_images/5.svg"
    }
},
{
    "model": "main.category",
    "pk": 12,
    "fields": {
        "name": "Monitors",
        "is_active": true,
        "parent_category": null,
        "sort_index": 3,
        "img": "category_images/1_I9ptvm9.svg"
    }
},
{
    "model": "main.category",
    "pk": 13,
    "fields": {
        "name": "Printers",
        "is_active": true,
        "parent_category": null,
        "sort_index": 4,
        "img": "category_images/9_iqtHm5w.svg"
    }
},
{
    "model": "main.category",
    "pk": 14,
    "fields": {
        "name": "Mice & Keyboards",
        "is_active": true,
        "parent_category": null,
        "sort_index": 5,
        "img": "category_images/10_Ocb9eJ1.svg"
    }
},
{
    "model": "main.category",
    "pk": 15,
    "fields": {
        "name": "Web cameras",
        "is_active": true,
        "parent_category": null,
        "sort_index": 6,
        "img": "category_images/6.svg"
    }
},
{
    "model": "main.category",
    "pk": 16,
    "fields": {
        "name": "Servers",
        "is_active": true,
        "parent_category": null,
        "sort_index": 7,
        "img": "category_images/3_1x0YGvH.svg"
    }
},
{
    "model": "main.category",
    "pk": 17,
    "fields": {
        "name": "Accessories",
        "is_active": true,
        "parent_category": null,
        "sort_index": 8,
        "img": "category_images/11_fJw0B7G.svg"
    }
},
{
    "model": "main.category",
    "pk": 18,
    "fields": {
        "name": "Headphones",
        "is_active": true,
        "parent_category": 17,
        "sort_index": 0,
        "img": "category_images/2.svg"
    }
},
{
    "model": "main.product",
    "pk": 1,
    "fields": {
        "name": "Ноутбук LENOVO IP Gaming 3 15ARH05",
        "slug": "noutbuk-lenovo-gaming-3-15arh05",
        "category": 2,
        "img": "product_images/1377515_v01_b.jpeg",
        "description": "Игровой ноутбук LENOVO IP Gaming 3 15ARH05, выполненный в прочном корпусе из высококачественного пластика в классическом черном цветовом решении, адресован, в первую очередь, геймерам, но может использоваться не только для игры. Обладая широкими возможностями, он отлично справится с любыми поставленными задачами. Прекрасно работает в режиме многозадачности, характеризуется высокой скоростью выполнения операций.",
        "is_active": true,
        "sells": 0,
        "released": "2021-08-07T06:37:57.059Z",
        "sort_index": 0
    }
},
{
    "model": "main.product",
    "pk": 2,
    "fields": {
        "name": "Ноутбук ACER Aspire 7 A715-75G-77DE",
        "slug": "noutbuk-acer-aspire-7-a715-75g-77de",
        "category": 2,
        "img": "product_images/1217396_v01_b.jpeg",
        "description": "Оптимальным вариантом и для дома, и для офиса является ноутбук ACER Aspire 7 A715-75G-77DE. Данная модель обладает хорошим функционалом и компактным корпусом, который способен разместиться на любом ограниченном пространстве. Процессор Intel Core i7 9750H обеспечивает высокую продуктивность в условиях многозадачности и эффективное управление параллельными рабочими процессами.",
        "is_active": true,
        "sells": 0,
        "released": "2021-08-07T06:44:23.987Z",
        "sort_index": 0
    }
},
{
    "model": "main.product",
    "pk": 3,
    "fields": {
        "name": "Ноутбук ASUS TUF Gaming FX506QM-HN051T",
        "slug": "noutbuk-asus-tuf-gaming-fx506qm-hn051t",
        "category": 2,
        "img": "product_images/1473723_v01_b.jpeg",
        "description": "Ноутбук TUF Gaming A15, работающий на базе операционной системы Windows 10 Pro, представляет собой стильную и надежную геймерскую платформу, которая поможет добиться успеха в любой игре. В его аппаратную конфигурацию входит новая видеокарта GeForce RTX 3070, обеспечивающая плавное изображение на дисплее с частотой обновления 240 Гц, который способен показывать все оттенки цветового пространства sRGB. Мощный процессор AMD Ryzen 7 гарантирует быструю работу в широком спектре задач, а усовершенствованная система охлаждения помогает поддерживать его производительность на высоком уровне при минимальном уровне шума. Ноутбук TUF Gaming A15 отвечает военно-промышленному стандарту надежности и наделен аккумулятором высокой емкости (90 Вт·ч), что делает его прекрасным выбором для геймеров, которые постоянно находятся в движении.",
        "is_active": true,
        "sells": 0,
        "released": "2021-08-07T06:56:22.450Z",
        "sort_index": 0
    }
},
{
    "model": "main.product",
    "pk": 4,
    "fields": {
        "name": "Ноутбук APPLE MacBook Air M1 13.3\"",
        "slug": "noutbuk-apple-macbook-air-13-3-ips-apple-m1",
        "category": 3,
        "img": "product_images/1451527_v01_b.jpeg",
        "description": "Уникальными технологиями и невероятной производительностью отличается ноутбук APPLE MacBook Air M1. Его главным преимуществом является инновационный восьмиядерный процессор Apple M1, который отвечает за высокую вычислительную мощность для работы с самыми сложными проектами. Плавную работу с моментальным откликом на пользовательские действия обеспечивает оперативная память объемом 8 Гб.",
        "is_active": true,
        "sells": 0,
        "released": "2021-08-07T07:01:30.567Z",
        "sort_index": 0
    }
},
{
    "model": "main.product",
    "pk": 5,
    "fields": {
        "name": "Ноутбук APPLE MacBook Pro M1 13.3\"",
        "slug": "noutbuk-apple-macbook-pro-13-3-ips-apple-m1",
        "category": 3,
        "img": "product_images/1451580_v01_b.jpeg",
        "description": "Настоящим флагманом среди современных персональных устройств является ноутбук APPLE MacBook Pro M1. Он оснащен инновационным процессором Apple M1 на базе восьми ядер, который обеспечивает невероятную производительность для работы с профессиональными приложениями и мультимедийных процессов. Моментальный отклик системы на ваши запросы обеспечивает оперативная память объемом 16 Гб.",
        "is_active": true,
        "sells": 0,
        "released": "2021-08-07T07:04:15.010Z",
        "sort_index": 0
    }
},
{
    "model": "main.product",
    "pk": 6,
    "fields": {
        "name": "Ноутбук APPLE MacBook Pro 16\"",
        "slug": "noutbuk-apple-macbook-pro-16",
        "category": 3,
        "img": "product_images/1436479_v01_b.jpeg",
        "description": "Производитель оснастил ноутбук APPLE MacBook Pro 16\" IPS-матрицей. Это обеспечивает быстрый отклик на пользовательские действия. Диагональ экрана равна 16 дюймам, а максимальное его разрешение составляет 3072х1920 пикселей. За высокий уровень производительности отвечает восьмиядерный процессор Intel Core i9 9880H.",
        "is_active": true,
        "sells": 0,
        "released": "2021-08-07T07:07:38.419Z",
        "sort_index": 0
    }
},
{
    "model": "main.product",
    "pk": 7,
    "fields": {
        "name": "Ультрабук HONOR MagicBook Pro HLYL-WFQ9",
        "slug": "ultrabuk-honor-magicbook-pro-hlyl-wfq9",
        "category": 4,
        "img": "product_images/1411752_v01_b.jpeg",
        "description": "Невероятно тонким, легким и стильным устройством является ультрабук HONOR MagicBook Pro HLYL-WFQ9. Мощный процессор AMD Ryzen 5 4600H обеспечивает высочайшую производительность для эффективного решения офисных, повседневных и мультимедийных задач.",
        "is_active": true,
        "sells": 0,
        "released": "2021-08-07T07:16:09.016Z",
        "sort_index": 0
    }
},
{
    "model": "main.product",
    "pk": 8,
    "fields": {
        "name": "Ноутбук ASUS VivoBook E410MA-EB023T",
        "slug": "noutbuk-asus-vivobook-e410ma-eb023t",
        "category": 4,
        "img": "product_images/1455127_v01_b.jpeg",
        "description": "Оптимальным решением как для офисного, так и домашнего использования является ноутбук ASUS VivoBook E410MA-EB023T. Эта модель одинаково эффективно справляется с решением повседневных, офисных и мультимедийных задач, благодаря надежному четырехъядерному процессору Intel Pentium Silver N5030. Стабильную работу в многозадачном режиме и быстрый отклик системы обеспечивает оперативная память объемом 4 Гб.",
        "is_active": true,
        "sells": 0,
        "released": "2021-08-07T07:19:05.085Z",
        "sort_index": 0
    }
},
{
    "model": "main.product",
    "pk": 9,
    "fields": {
        "name": "Ноутбук HUAWEI MateBook D 16 HVY-WAP9",
        "slug": "noutbuk-huawei-matebook-d-16-hvy-wap9",
        "category": 4,
        "img": "product_images/1484254_v01_b.jpeg",
        "description": "Прочный и надежный шестиядерный ноутбук HUAWEI MateBook D 16 HVY-WAP9 позволяет эффективно решать множество повседневных задач. Может использоваться для работы в офисе, домашних условиях, в деловых поездках. Имеет вес 1.7 кг, выполнен в прочном, легком алюминиевом корпусе серого цвета. Он придется по душе широкому кругу пользователей. Отлично работает в режиме многозадачности. Процессор AMD Ryzen 5 4600H, 16 Гб оперативной памяти и интегрированная видеокарта AMD Radeon позволяют использовать программы для работы и контент различного формата.",
        "is_active": true,
        "sells": 0,
        "released": "2021-08-07T07:22:37.243Z",
        "sort_index": 0
    }
},
{
    "model": "main.product",
    "pk": 10,
    "fields": {
        "name": "Планшет Microsoft Surface Go 2 Pentium 8Gb 128Gb",
        "slug": "product--planshet-microsoft-surface-go-2-pentium-8",
        "category": 5,
        "img": "product_images/orig.png",
        "description": "Планшет Microsoft Surface Go 2 Pentium 8Gb 128Gb",
        "is_active": true,
        "sells": 0,
        "released": "2021-08-08T06:45:58.896Z",
        "sort_index": 0
    }
},
{
    "model": "main.product",
    "pk": 11,
    "fields": {
        "name": "Планшет Microsoft Surface Pro 7 Intel Core i5 8GB/128GB",
        "slug": "product--planshet-microsoft-surface-pro-7-intel-co",
        "category": 5,
        "img": "product_images/orig.jpeg",
        "description": "Планшет Microsoft Surface Pro 7 Intel Core i5 8GB/128GB",
        "is_active": true,
        "sells": 0,
        "released": "2021-08-08T06:49:07.217Z",
        "sort_index": 0
    }
},
{
    "model": "main.product",
    "pk": 12,
    "fields": {
        "name": "Планшет Microsoft Surface Pro X MSQ2 16Gb 256Gb",
        "slug": "product--planshet-microsoft-surface-pro-x-msq2-16g",
        "category": 5,
        "img": "product_images/orig_1.jpeg",
        "description": "Планшет Microsoft Surface Pro X MSQ2 16Gb 256Gb",
        "is_active": true,
        "sells": 0,
        "released": "2021-08-08T06:52:03.655Z",
        "sort_index": 0
    }
},
{
    "model": "main.product",
    "pk": 13,
    "fields": {
        "name": "Компьютер HP Pavilion TG01-1005ur",
        "slug": "pk-hp-pavilion-tg01-1005ur-mt-i5-10400f",
        "category": 8,
        "img": "product_images/1380610_v01_b.jpeg",
        "description": "Представленный на этой странице компьютер HP Pavilion TG01-1005ur подойдет как для дома, так и для офиса. За производительность тут отвечает шестиядерный процессор Intel Core i5 10400F с частотой 2.9 ГГц в обычном режиме и 4.3 ГГц в Turbo режиме. Чипсет материнской платы здесь Intel H470. За быстродействие отвечает оперативная память объемом 8 Гб. Дискретный видеоадаптер NVIDIA GeForce GTX 1650 отвечает за высококлассное изображение.",
        "is_active": true,
        "sells": 0,
        "released": "2021-08-08T06:58:02.154Z",
        "sort_index": 0
    }
},
{
    "model": "main.product",
    "pk": 14,
    "fields": {
        "name": "Компьютер IRU Game 527",
        "slug": "pk-iru-game-527",
        "category": 8,
        "img": "product_images/1492013_v01_b.jpeg",
        "description": "Наслаждайтесь быстродействием компьютера IRU Game 527 с SSD накопителем объемом 240 Гб и жестким диском объемом 1024 Гб. Корпус представлен в классическом черном цвете и лаконичном дизайне. Восьмиядерный процессор AMD Ryzen 7 2700 обеспечивает высокую производительность устройства и позволяет комфортно работать в многозадачном режиме с ресурсоемкими программами. Внутренний блок питания обладает мощностью 500 Вт. На компьютере установлена операционная система Windows 10 Home.",
        "is_active": true,
        "sells": 0,
        "released": "2021-08-08T07:00:30.999Z",
        "sort_index": 0
    }
},
{
    "model": "main.product",
    "pk": 15,
    "fields": {
        "name": "Компьютер ACER Aspire TC-895",
        "slug": "pk-acer-aspire-tc-895",
        "category": 8,
        "img": "product_images/1408305_v01_b.jpeg",
        "description": "Компьютер ACER Aspire TC-895 выполнен в привлекательном корпусе черного цвета. При этом данное устройство обладает широким спектром возможностей для продуктивной рабочей деятельности и развлечений. Высокий уровень производительности достигается за счет процессора Intel Core i3 10100, видеокарты NVIDIA GeForce GTX1650 и оперативной памяти объемом 8 Гб. Жесткий диск рассчитан на хранение данных объемом до 1000 Гб.",
        "is_active": true,
        "sells": 0,
        "released": "2021-08-08T07:02:47.143Z",
        "sort_index": 0
    }
},
{
    "model": "main.product",
    "pk": 16,
    "fields": {
        "name": "Компьютер ACER Aspire XC-895",
        "slug": "kompyuter-acer-aspire-xc-895",
        "category": 9,
        "img": "product_images/1481501_v01_b.jpeg",
        "description": "ТЕХНИЧЕСКИЕ ХАРАКТЕРИСТИКИ МОГУТ РАЗЛИЧАТЬСЯ В ЗАВИСИМОСТИ ОТ МОДЕЛИ И (ИЛИ) РЕГИОНА. ВСЕ МОДЕЛИ ПОСТАВЛЯЮТСЯ, ПОКА ИМЕЮТСЯ В НАЛИЧИИ.",
        "is_active": true,
        "sells": 0,
        "released": "2021-08-08T07:08:16.005Z",
        "sort_index": 0
    }
},
{
    "model": "main.product",
    "pk": 17,
    "fields": {
        "name": "Компьютер DELL Vostro 3681",
        "slug": "pk-dell-vostro-3681",
        "category": 9,
        "img": "product_images/1412307_v01_b.jpeg",
        "description": "Для решения офисных и мультимедийных задач оптимальным выбором является компьютер DELL Vostro 3681. Эта модель представлена в компактном корпусе типа small form factor с внутренним блоком питания, который способен разместиться на ограниченном пространстве. За высокую производительность отвечает процессор Intel Core i5 10400. Оперативная память объемом 8 Гб способствует быстрому отклику системы на ваши действия.",
        "is_active": true,
        "sells": 0,
        "released": "2021-08-08T07:10:27.238Z",
        "sort_index": 0
    }
},
{
    "model": "main.product",
    "pk": 18,
    "fields": {
        "name": "Компьютер IRU Office 317",
        "slug": "kompyuter-iru-office-317",
        "category": 9,
        "img": "",
        "description": "Производительный компьютер IRU Office 317 станет идеальным выбором для домашнего использования и работы в офисе. Он обладает многочисленными преимуществами, среди которых, например, можно выделить наличие операционной системы Free DOS. Она избавит пользователя от необходимости покупать и устанавливать ОС самостоятельно. Ну а благодаря графическому адаптеру Intel UHD Graphics 630, обеспечено высокое качество картинки.",
        "is_active": true,
        "sells": 0,
        "released": "2021-08-08T07:12:25.321Z",
        "sort_index": 0
    }
},
{
    "model": "main.product",
    "pk": 19,
    "fields": {
        "name": "Компьютер ACER Aspire XC-830",
        "slug": "pk-acer-aspire-xc-830",
        "category": 10,
        "img": "product_images/1383066_v01_b.jpeg",
        "description": "Стильный дизайн с острыми гранями и лаконичный черный цвет корпуса компьютера ACER Aspire XC-830 притягивают к себе восхищенные взгляды покупателей. Помимо шикарного дизайна, модель обладает отличным функционалом. Производитель снабдил устройство процессором Intel Celeron J4025 и оперативной памятью на 4096 Мб, которые обеспечивают высокую производительность даже при высоких нагрузках. Также имеется встроенная современная видеокарта Intel UHD Graphics 600.",
        "is_active": true,
        "sells": 0,
        "released": "2021-08-08T07:15:12.262Z",
        "sort_index": 0
    }
},
{
    "model": "main.product",
    "pk": 20,
    "fields": {
        "name": "Компьютер IRU Home 120",
        "slug": "pk-iru-home-120",
        "category": 10,
        "img": "product_images/1488171_v01_b.jpeg",
        "description": "Повышайте эффективность работы вместе с компьютером IRU Home 120 с SSD накопителем объемом 120 Гб. Двухъядерный процессор AMD E1 6010 обеспечивает высокую производительность устройства и позволяет комфортно работать в многозадачном режиме с ресурсоемкими программами. На компьютере установлена операционная система Windows 10 Home: универсальность, надежность, доступный интерфейс. Вес в 7 кг упрощает транспортировку компьютера. Корпус выполнен в классическом черном цвете.",
        "is_active": true,
        "sells": 0,
        "released": "2021-08-08T07:17:30.437Z",
        "sort_index": 0
    }
},
{
    "model": "main.product",
    "pk": 21,
    "fields": {
        "name": "Компьютер HP Slimline S01-aF0002ur",
        "slug": "pk-hp-slimline-s01-af0002ur",
        "category": 10,
        "img": "product_images/1380590_v01_b.jpeg",
        "description": "бладающий привлекательной стоимостью компьютер HP Slimline S01-aF0002ur окажется лучшим помощником в учебе, работе и отдыхе. Он имеет гарантийный срок продолжительностью 12 месяцев. Его вес равен 3.02 кг, а размеры отличаются относительной компактностью и составляют 95 х 270 х 303 мм. Производитель оснастил рассматриваемую модель внешним блоком питания мощностью 65 Вт. Компьютер сделан в черном цвете.",
        "is_active": true,
        "sells": 0,
        "released": "2021-08-08T07:19:33.046Z",
        "sort_index": 0
    }
},
{
    "model": "main.product",
    "pk": 22,
    "fields": {
        "name": "Жесткий диск WD Red WD20EFAX",
        "slug": "zhestkii-disk-wd-red-wd20efax",
        "category": 11,
        "img": "product_images/1159443_v01_b.jpeg",
        "description": "Жесткий диск WD Red WD20EFAX разработан специально для работы в сложных условиях системы NAS. Он оснащен технологией NASware 3.0. Форм-фактор диска 3.5 дюйма и подходит он к большинству современных компьютеров. Большая вместительность в 2 Тб позволяет хранить множество информации. При этом буферная память имеет объем 256 Мб.",
        "is_active": true,
        "sells": 0,
        "released": "2021-08-08T07:23:05.230Z",
        "sort_index": 0
    }
},
{
    "model": "main.product",
    "pk": 23,
    "fields": {
        "name": "SSD Накопитель SAMSUNG 860 Pro MZ-76P512BW",
        "slug": "ssd-nakopitel-samsung-860-pro-mz-76p512bw",
        "category": 11,
        "img": "product_images/1035043_v01_b.jpeg",
        "description": "SD-накопитель SAMSUNG 860 Pro MZ-76P512BW емкостью 512 Гб – надежный SSD для ноутбука и десктопа. Универсальный форм-фактор обеспечивает совместимость с техникой любого производителя. Качественные комплектующие служат залогом долговечности и надежности. Недаром производитель гарантирует 5 лет работы или 2 миллиона часов на отказ.",
        "is_active": true,
        "sells": 0,
        "released": "2021-08-08T07:27:07.754Z",
        "sort_index": 0
    }
},
{
    "model": "main.product",
    "pk": 24,
    "fields": {
        "name": "SSD накопитель WD Blue SN550 WDS500G2B0C",
        "slug": "ssd-nakopitel-wd-blue-sn550-wds500g2b0c",
        "category": 11,
        "img": "product_images/1182345_v01_b.jpeg",
        "description": "Повысить производительность вашего персонального компьютера или осуществить его модернизацию позволит SSD-накопитель WD Blue SN550 WDS500G2B0C. Благодаря интерфейсу PCI-E х4 и поддержке NVMe гарантируется быстродействие системы и скорость передачи данных. Кроме того, наличие накопителя ускоряет время запуска приложений и всей системы.",
        "is_active": true,
        "sells": 0,
        "released": "2021-08-08T07:29:02.505Z",
        "sort_index": 0
    }
},
{
    "model": "main.product",
    "pk": 25,
    "fields": {
        "name": "Монитор VIEWSONIC VP2768-4K",
        "slug": "monitor-viewsonic-vp2768-4k",
        "category": 12,
        "img": "product_images/1104526_v01_b.jpeg",
        "description": "Практически полностью избавиться от рамок монитора VIEWSONIC VP2768-4K позволило применение матрицы IPS с разрешением 2560х1440. Поворотный механизм экрана, установленный в его подставку, позволяет развернуть его так, как вам удобнее. Подставка выполнена с красивым оформлением и надежно фиксирует устройство на любой поверхности.",
        "is_active": true,
        "sells": 0,
        "released": "2021-08-08T07:33:37.234Z",
        "sort_index": 0
    }
},
{
    "model": "main.product",
    "pk": 26,
    "fields": {
        "name": "Монитор SUNWIND SUN-M24BF100",
        "slug": "monitor-sunwind-24-sun-m24bf100",
        "category": 12,
        "img": "product_images/1406078_v01_b.jpeg",
        "description": "Современный дизайн и инновационные технологии гармонично переплелись в мониторе SUNWIND SUN-M24BF100 диагональю 24 дюйма. Светодиодная подсветка ЖК-панели в сочетании с VA матрицей отвечают за контрастность и цветопередачу изображения. Для подключения устройств предусмотрены разъемы HDMI и D-Sub. Поскольку модель поддерживает формат FULL HD, вы сможете смотреть любимые сериалы в хорошем качестве.",
        "is_active": true,
        "sells": 0,
        "released": "2021-08-08T07:37:06.412Z",
        "sort_index": 0
    }
},
{
    "model": "main.product",
    "pk": 27,
    "fields": {
        "name": "Монитор игровой SAMSUNG F27G33TFWI",
        "slug": "monitor-igrovoi-samsung-f27g33tfwi",
        "category": 12,
        "img": "product_images/1478504_v01_b.jpeg",
        "description": "Полностью погрузиться в происходящее на экране позволяет монитор игровой SAMSUNG F27G33TFWI. Эта 27-дюймовая модель с тонкими рамками и широкими углами обзора обеспечивает четкое отображение мельчайших деталей. Максимальную яркость и контрастность картинки обеспечивает матрица VA. Благодаря поддержке HDTV вы сможете наслаждаться просмотром фильмов в FULL HD (1080p) качестве.",
        "is_active": true,
        "sells": 0,
        "released": "2021-08-08T07:39:12.477Z",
        "sort_index": 0
    }
},
{
    "model": "main.product",
    "pk": 28,
    "fields": {
        "name": "Принтер струйный HP OfficeJet 202",
        "slug": "printer-struinyi-hp-officejet-202",
        "category": 13,
        "img": "product_images/376430_v01_b.jpeg",
        "description": "Принтер HP OfficeJet 202 – устройство в элегантном черном корпусе из прочного пластика, представляющее собой удачное сочетание доступной стоимости и отменного качества. Модель поддерживает прямую печать с цифровых камер и выдерживает нагрузку до 500 листов формата А4 ежемесячно. Также на принтере HP OfficeJet 202 можно получать цветные фотографии, карточки и конверты. Скорость работы прибора достигает 20 черно-белых страниц в минуту и 19 цветных листов в формате А4. Надежным образец делают стандартный объем оперативной памяти 128 Мб и частота процессора 525 МГц. В число его особенностей входят наличие аккумуляторной батареи и интерфейса Wi-Fi. Также настольная компактная модель располагает встроенным жидкокристаллическим дисплеем 2 дюйма по диагонали.",
        "is_active": true,
        "sells": 0,
        "released": "2021-08-08T07:43:22.063Z",
        "sort_index": 0
    }
},
{
    "model": "main.product",
    "pk": 29,
    "fields": {
        "name": "Принтер струйный CANON Pixma TS704",
        "slug": "printer-struinyi-canon-pixma-ts704",
        "category": 13,
        "img": "product_images/1124228_v01_b.jpeg",
        "description": "Многофункциональный принтер струйный CANON Pixma TS704 - это незаменимая вещь, которая справится с любыми задачами. Данная модель поддерживает печать на глянцевых поверхностях, конвертах, а также вы сможете напечатать фотографии. Для работы с принтером не требуется специальных навыков и дополнительного оборудования. На ярком дисплее отображаются все необходимые параметры. A используя USB разъем и Wi-Fi интерфейс вы сможете подключить сторонние устройства и осуществлять печать с них.",
        "is_active": true,
        "sells": 0,
        "released": "2021-08-08T07:45:12.172Z",
        "sort_index": 0
    }
},
{
    "model": "main.product",
    "pk": 30,
    "fields": {
        "name": "Принтер струйный EPSON Expression Photo HD XP-15000",
        "slug": "printer-struinyi-epson-expression-photo-hd-xp-1500",
        "category": 13,
        "img": "product_images/1081162_v01_b.jpeg",
        "description": "Чтобы напечатать фотографии, распечатать необходимые документы и многое другое, используйте принтер струйный EPSON Expression Photo HD XP-15000. Это незаменимое устройство, которое обеспечивает корректную работу. Он отлично подходит как для дома, так и для офисов. Вы сможете напечатать до 29 страниц в минуту. Используя USB-разъем, можно подключить дополнительные устройства, такие как смартфоны, планшет или ПК. Данная модель имеет струйную технологию печати.",
        "is_active": true,
        "sells": 0,
        "released": "2021-08-08T07:47:05.882Z",
        "sort_index": 0
    }
},
{
    "model": "main.product",
    "pk": 31,
    "fields": {
        "name": "Клавиатура MSI GK50 ELITE RU",
        "slug": "klaviatura-msi-gk50-elite-ru",
        "category": 14,
        "img": "product_images/1403370_v01_b.jpeg",
        "description": "Классическая клавиатура MSI GK50 ELITE RU для геймеров обладает всеми необходимыми опытному пользователю свойствами: есть мультимедийные клавиши, подсветка, механический переключатель типа Blue. Квадратная форма клавиш с буквами белого цвета комфортна и привычна для всех пользователей.",
        "is_active": true,
        "sells": 0,
        "released": "2021-08-08T07:52:37.790Z",
        "sort_index": 0
    }
},
{
    "model": "main.product",
    "pk": 32,
    "fields": {
        "name": "Клавиатура A4TECH Fstyler FK15",
        "slug": "klaviatura-a4tech-fstyler-fk15",
        "category": 14,
        "img": "product_images/1431331_v01_b.jpeg",
        "description": "Клавиатура A4TECH Fstyler FK15 – надежный помощник в решении офисных и развлекательных задач. Клавиатура представлена в черном цвете и классическом дизайне, поэтому гармонично смотрится с любой техникой.\r\n\r\nВыдвижные ножки с прорезиненным покрытием, которые препятствуют скольжению по поверхности стола.\r\nДренажные отверстия, защищающие клавиатуру от случайно пролитой жидкости.\r\nОтдельный цифровой блок.\r\nПровод длиной 1,5 метра для комфортной эксплуатации.\r\nПолноразмерная конструкция со 104 клавишами.\r\nБелые символы (и русские, и английские буквы), четко выделяющиеся на черном фоне.\r\nФункционал, предусматривающий ряд полезных опций (настройка яркости и громкости, переключение музыкальных композиций): не нужны дополнительные драйверы.",
        "is_active": true,
        "sells": 0,
        "released": "2021-08-08T07:54:17.851Z",
        "sort_index": 0
    }
},
{
    "model": "main.product",
    "pk": 33,
    "fields": {
        "name": "Мышь A4TECH Bloody P91",
        "slug": "mysh-a4-bloody-p91",
        "category": 14,
        "img": "product_images/1156165_v01_b.jpeg",
        "description": "Представленная на этой странице оптическая мышь A4 Bloody P91 обладает кабелем длиной целых 1.8 м. Подключение к ноутбуку или компьютеру осуществляется в USB-порт. Максимальное разрешение сенсора составляет 5000 dpi, можно менять уровень его чувствительности. Представлено 8 кнопок и колесо прокрутки.",
        "is_active": true,
        "sells": 0,
        "released": "2021-08-08T07:56:26.144Z",
        "sort_index": 0
    }
},
{
    "model": "main.product",
    "pk": 34,
    "fields": {
        "name": "Мышь MICROSOFT Bluetooth for Business",
        "slug": "mysh-microsoft-bluetooth-for-business",
        "category": 14,
        "img": "product_images/1434244_v01_b.jpeg",
        "description": "Для тех, кто целый день проводит за монитором, просто необходима мышь MICROSOFT Bluetooth for Business. Данная модель имеет колесо прокрутки, 2 кнопки управления, а высокочувствительный сенсор моментально выполнит любую вашу операцию. Чтобы подключить мышь, не требуется специальных разрешений и драйверов, достаточно использовать Bluetooth интерфейс.",
        "is_active": true,
        "sells": 0,
        "released": "2021-08-08T07:58:06.647Z",
        "sort_index": 0
    }
},
{
    "model": "main.product",
    "pk": 35,
    "fields": {
        "name": "Web-камера AVERMEDIA BO317",
        "slug": "web-kamera-avermedia-bo317",
        "category": 15,
        "img": "product_images/1420178_v01_b.jpeg",
        "description": "Для общения онлайн с друзьями, близкими, коллегами верной помощницей станет Web-камера AVERMEDIA BO317, выполненная в классическом черном цвете. Обеспечивает комфорт и удобство работы, функционирует на основе матрицы CMOS с разрешением 2 Мп. Без интерполяции разрешение составляет 1920 х 1080 пикселей.",
        "is_active": true,
        "sells": 0,
        "released": "2021-08-08T08:39:58.939Z",
        "sort_index": 0
    }
},
{
    "model": "main.product",
    "pk": 36,
    "fields": {
        "name": "Web-камера DEFENDER G-Lens 2579",
        "slug": "web-kamera-defender-g-lens-2579",
        "category": 15,
        "img": "product_images/1430828_v01_b.jpeg",
        "description": "Доступная по стоимости web-камера DEFENDER G-Lens 2579 станет оптимальным выбором для сеансов видеосвязи. Производитель оснастил ее матрицей CMOS, разрешение которой равно 1280х720 пикселей. В режиме интерполяции фоторазрешение достигает 72 Мп. По горизонтали ее можно вращать на 48 градусов. Есть микрофон, который обеспечивает комфортное общение без дополнительной гарнитуры. Представлен привычный интерфейс USB 2.0. Запись видео высокой четкости осуществляется в формате 720р.",
        "is_active": true,
        "sells": 0,
        "released": "2021-08-08T08:41:29.091Z",
        "sort_index": 0
    }
},
{
    "model": "main.product",
    "pk": 37,
    "fields": {
        "name": "Web-камера LOGITECH HD Pro C925e",
        "slug": "web-kamera-logitech-hd-pro-c925e",
        "category": 15,
        "img": "product_images/388062_v01_b.jpeg",
        "description": "Web-камера LOGITECH HD Pro C925e оснащена матрицей 2 Мп разрешением 1920х1080 пикселей. Эта особенность обеспечивает пользователю передачу и запись высококачественного видеосигнала, делая видеозвонки по-настоящему приятными и удобными. Встроенный микрофон избавит вас от необходимости приобретать дополнительное оборудование, а функция шумоподавления обеспечит чистый и четкий звук. Web-камера LOGITECH HD Pro C925e обладает функциями записи видео формата 1080р со скоростью записи 30 кадров в секунду, что позволит вам изготавливать ролики очень хорошего качества. Наличие функции автоматической фокусировки сделает использование камеры более простым и удобным как в ходе видеозвонков, так и записи видео. Универсальное крепление камеры подходит для большинства поверхностей.",
        "is_active": true,
        "sells": 0,
        "released": "2021-08-08T08:43:07.068Z",
        "sort_index": 0
    }
},
{
    "model": "main.product",
    "pk": 38,
    "fields": {
        "name": "Сервер IRU Rock S1102E 1xE-2234",
        "slug": "server-iru-rock-s1102e-1xe-2234",
        "category": 16,
        "img": "product_images/1493155_v01_b.jpeg",
        "description": "Сервер IRU Rock S1102E 1xE-2234",
        "is_active": true,
        "sells": 0,
        "released": "2021-08-08T08:49:25.198Z",
        "sort_index": 0
    }
},
{
    "model": "main.product",
    "pk": 39,
    "fields": {
        "name": "Сервер Lenovo ThinkSystem ST50",
        "slug": "server-lenovo-thinksystem-st50",
        "category": 16,
        "img": "product_images/1490810_v01_b.jpeg",
        "description": "ST50 - это универсальный первый сервер для небольшой компании или филиала: компактный, надежный, производительный и экономически доступный. Он успешно решает различные задачи, включая повседневные вычисления, управление файлами и печатью, поддержку сервера электронной почты или веб-сервера. В отличие от десктопов -  используются комплектующие корпоративного уровня, с повышенным уровнем надежности: Память TruDDR4 2666MHz (2Rx8, 1.2V) UDIMM с защитой ECC - обеспечивает исправление ошибок – такой опции нет на \"серверах\" класса PC, данная опция помогает предотвратить сбои системы и потери данных, которые случаются из-за ошибок памяти в PC системах, что означает большее время безотказной работы.",
        "is_active": true,
        "sells": 0,
        "released": "2021-08-08T08:51:54.540Z",
        "sort_index": 0
    }
},
{
    "model": "main.product",
    "pk": 40,
    "fields": {
        "name": "Сервер HPE ProLiant MicroServer Gen10 Plus",
        "slug": "server-hpe-proliant-microserver-gen10-plus",
        "category": 16,
        "img": "product_images/1359031_v01_b.jpeg",
        "description": "Версия сервера HPE ProLiant MicroServer Gen10 Plus с процессором Intel® Pentium® G5420, который пришел на смену процессорам AMD Opteron™ X3418/X3421. Данный процессор принадлежит к семейству Coffee Lake. Он имеет 2 ядра и 4 потока и изготовлен по 14 нм техпроцессу, максимальная частота составляет 3.80 GHz.",
        "is_active": true,
        "sells": 0,
        "released": "2021-08-08T08:53:58.619Z",
        "sort_index": 0
    }
},
{
    "model": "main.product",
    "pk": 41,
    "fields": {
        "name": "Экран защиты информации 3M PF125W9B для ноутбука 12.5\"",
        "slug": "ekran-zaschity-informacii-3m-pf125w9b-dlya-noutbuk",
        "category": 17,
        "img": "product_images/1097669_v01_b.jpeg",
        "description": "Экран защиты информации для ноутбуков с диагональю экрана 12.5\". Она обеспечивает конфиденциальность данных экрана и защищает его от царапин. Обеспечивает эффективное затемнение конфиденциальной информации на экране для защиты от подсматривающих сбоку начиная с угла обзора в 30 градусов.",
        "is_active": true,
        "sells": 0,
        "released": "2021-08-08T08:56:48.198Z",
        "sort_index": 0
    }
},
{
    "model": "main.product",
    "pk": 42,
    "fields": {
        "name": "Чехол для ноутбука 15.6\" HP Chroma",
        "slug": "chehol-dlya-noutbuka-15-6-hp-chroma",
        "category": 17,
        "img": "product_images/380908_v01_b.jpeg",
        "description": "Двухсторонний чехол для ноутбуков с экраном 15,6 дюйма. Вывернув чехол на изнанку Вы сможете изменить его слить со сдержанного рабочего (Черный цвет), на яркий и энергичный (Голубой цвет). Также чехол отлично защитит Ваш ноутбук от ударов и царапин.",
        "is_active": true,
        "sells": 0,
        "released": "2021-08-08T08:58:27.016Z",
        "sort_index": 0
    }
},
{
    "model": "main.product",
    "pk": 43,
    "fields": {
        "name": "микрофон HAMA H-57152 для ноутбука",
        "slug": "mikrofon-hama-h-57152-dlya-noutbuka",
        "category": 17,
        "img": "product_images/825594_v01_b.jpeg",
        "description": "Гибкий микрофон для ноутбука. Подключается к разъему 3.5мм. Частотная характеристика: 30-16000 Гц. Всенаправленная диаграмма. Длина микрофона 17 см. Конденсаторный микрофон.",
        "is_active": true,
        "sells": 0,
        "released": "2021-08-08T09:00:09.818Z",
        "sort_index": 0
    }
},
{
    "model": "main.product",
    "pk": 44,
    "fields": {
        "name": "Гарнитура игровая SUNWIND SW-HS510G",
        "slug": "garnitura-igrovaya-sunwind-sw-hs510g",
        "category": 18,
        "img": "product_images/1422149_v01_b.jpeg",
        "description": "Гарнитура игровая SUNWIND SW-HS510G",
        "is_active": true,
        "sells": 0,
        "released": "2021-08-08T09:03:26.370Z",
        "sort_index": 0
    }
},
{
    "model": "main.product",
    "pk": 45,
    "fields": {
        "name": "Гарнитура игровая LOGITECH Pro X Lightspeed",
        "slug": "garnitura-logitech-pro-x-wireless-lightspeed",
        "category": 18,
        "img": "",
        "description": "Для игр на компьютерах или игровых консолях Xbox Series X/S, Playstation 4, Playstation 4 Pro, Playstation 4 Slim, Playstation 5 можно использовать стерео гарнитуру игровую LOGITECH Pro X Lightspeed. Оголовье выполнено из алюминиевого сплава, гарантирующего длительный срок эксплуатации. Укомплектована она съемным однонаправленным микрофоном с возможностью регулирования громкости. Переключатель расположен на наушниках.",
        "is_active": true,
        "sells": 0,
        "released": "2021-08-08T09:04:54.943Z",
        "sort_index": 0
    }
},
{
    "model": "main.product",
    "pk": 46,
    "fields": {
        "name": "Гарнитура JABRA Evolve 20 MS Mono",
        "slug": "naushniki-s-mikrofonom-jabra-evolve-20-ms-mono",
        "category": 18,
        "img": "product_images/1385560_v01_b.jpeg",
        "description": "Для проведения онлайн-конференций используется профессиональная гарнитура JABRA Evolve 20 MS Mono. Она снабжена регулируемым оголовьем и мягкой амбушюрой из поролона для уменьшения фонового шума. Не утомляет при использовании в течение целого дня. Гарнитура имеет моно-конструкцию с левосторонней раковиной, на которой крепится оголовье, микрофон и шнур.",
        "is_active": true,
        "sells": 0,
        "released": "2021-08-08T09:06:39.842Z",
        "sort_index": 0
    }
},
{
    "model": "main.discount",
    "pk": 1,
    "fields": {
        "title": "MacBook Sale",
        "description": "MacBook Sale in all shops",
        "product": 5,
        "percent": 25,
        "shop": null,
        "date_start": null,
        "date_end": "2021-11-01T09:12:45Z",
        "date_created": "2021-08-01T11:43:56.771Z"
    }
},
{
    "model": "main.discount",
    "pk": 2,
    "fields": {
        "title": "Surface Sale",
        "description": "Surface Sale in all shops",
        "product": 12,
        "percent": 33,
        "shop": null,
        "date_start": null,
        "date_end": "2021-10-08T09:13:26Z",
        "date_created": "2021-08-02T11:43:56.771Z"
    }
},
{
    "model": "main.discount",
    "pk": 3,
    "fields": {
        "title": "Ситилинк Laptop Sale",
        "description": "Распродажа ноутбуков в Ситилинке",
        "product": 1,
        "percent": 10,
        "shop": 1,
        "date_start": "2021-08-08T09:14:02Z",
        "date_end": "2021-10-08T09:14:06Z",
        "date_created": "2021-08-03T11:43:56.771Z"
    }
},
{
    "model": "main.discount",
    "pk": 4,
    "fields": {
        "title": "М-видео server sale",
        "description": "Распродажа серверов в М-Видео",
        "product": 38,
        "percent": 15,
        "shop": 3,
        "date_start": "2021-08-08T09:14:54Z",
        "date_end": "2021-09-29T09:14:57Z",
        "date_created": "2021-08-04T11:43:56.771Z"
    }
},
{
    "model": "main.discount",
    "pk": 5,
    "fields": {
        "title": "DNS Desktop sale",
        "description": "Распродажа компьютеров в DNS",
        "product": 14,
        "percent": 20,
        "shop": 2,
        "date_start": "2021-08-08T09:16:54Z",
        "date_end": "2021-09-08T09:16:56Z",
        "date_created": "2021-08-05T11:43:56.771Z"
    }
},
{
    "model": "main.shop",
    "pk": 1,
    "fields": {
        "name": "Ситилинк",
        "img": "shop_images/citylink.jpeg",
        "description": "Электронный дискаунтер Ситилинк - более 65 000 наименований бытовой техники, цифровой электроники и других товаров от ведущих мировых производителей.",
        "phone": "+7(831)215-18-88",
        "address": "г. Москва, Щелковское шоссе, д. 7, стр. 1, этаж 1, пом. I, ком. 51",
        "email": "citilink@citilink.ru"
    }
},
{
    "model": "main.shop",
    "pk": 2,
    "fields": {
        "name": "DNS",
        "img": "shop_images/DNS.png",
        "description": "Большой ассортимент электроники, цифровой и бытовой техники, а так же товаров для дома, известных брендов в интернет-магазине DNS по отличным ценам.",
        "phone": "8 (831) 288 88 01",
        "address": "г. Москва, Красная площадь, д. 1",
        "email": "dns@dns-shop.ru"
    }
},
{
    "model": "main.shop",
    "pk": 3,
    "fields": {
        "name": "М-Видео",
        "img": "shop_images/213d72011d0e10ed41f585a5430ac4d5.png",
        "description": "Розничная сеть «М.Видео» — одна из крупнейших розничных сетей по объёмам продаж электроники и бытовой техники в России. «М.Видео» осуществляет свою деятельность с 1993 года и является первой на российском рынке сетью, реализовавшей полноценный омниканальный подход к продажам — это единый ассортимент, цена и сервис как при покупке в магазинах, так и онлайн.",
        "phone": "8 (800) 200‑777‑5",
        "address": "г. Москва, Красная площадь, д. 1",
        "email": "24@mvideo.ru"
    }
},
{
    "model": "main.warehouse",
    "pk": 1,
    "fields": {
        "product": 1,
        "shop": 1,
        "price": 950.0,
        "amount": 20,
        "free_shipping": false
    }
},
{
    "model": "main.warehouse",
    "pk": 2,
    "fields": {
        "product": 1,
        "shop": 2,
        "price": 1000.0,
        "amount": 25,
        "free_shipping": true
    }
},
{
    "model": "main.warehouse",
    "pk": 3,
    "fields": {
        "product": 1,
        "shop": 3,
        "price": 1100.0,
        "amount": 15,
        "free_shipping": true
    }
},
{
    "model": "main.warehouse",
    "pk": 4,
    "fields": {
        "product": 2,
        "shop": 1,
        "price": 1050.0,
        "amount": 15,
        "free_shipping": true
    }
},
{
    "model": "main.warehouse",
    "pk": 5,
    "fields": {
        "product": 2,
        "shop": 2,
        "price": 1100.0,
        "amount": 20,
        "free_shipping": true
    }
},
{
    "model": "main.warehouse",
    "pk": 6,
    "fields": {
        "product": 3,
        "shop": 1,
        "price": 1700.0,
        "amount": 10,
        "free_shipping": false
    }
},
{
    "model": "main.warehouse",
    "pk": 7,
    "fields": {
        "product": 3,
        "shop": 2,
        "price": 1750.0,
        "amount": 12,
        "free_shipping": false
    }
},
{
    "model": "main.warehouse",
    "pk": 8,
    "fields": {
        "product": 3,
        "shop": 3,
        "price": 1850.0,
        "amount": 12,
        "free_shipping": true
    }
},
{
    "model": "main.warehouse",
    "pk": 9,
    "fields": {
        "product": 4,
        "shop": 1,
        "price": 1500.0,
        "amount": 10,
        "free_shipping": false
    }
},
{
    "model": "main.warehouse",
    "pk": 10,
    "fields": {
        "product": 4,
        "shop": 2,
        "price": 1500.0,
        "amount": 13,
        "free_shipping": false
    }
},
{
    "model": "main.warehouse",
    "pk": 11,
    "fields": {
        "product": 4,
        "shop": 3,
        "price": 1520.0,
        "amount": 10,
        "free_shipping": false
    }
},
{
    "model": "main.warehouse",
    "pk": 12,
    "fields": {
        "product": 5,
        "shop": 1,
        "price": 2100.0,
        "amount": 8,
        "free_shipping": false
    }
},
{
    "model": "main.warehouse",
    "pk": 13,
    "fields": {
        "product": 5,
        "shop": 2,
        "price": 2100.0,
        "amount": 9,
        "free_shipping": false
    }
},
{
    "model": "main.warehouse",
    "pk": 14,
    "fields": {
        "product": 5,
        "shop": 3,
        "price": 2150.0,
        "amount": 8,
        "free_shipping": false
    }
},
{
    "model": "main.warehouse",
    "pk": 15,
    "fields": {
        "product": 6,
        "shop": 1,
        "price": 3200.0,
        "amount": 5,
        "free_shipping": false
    }
},
{
    "model": "main.warehouse",
    "pk": 16,
    "fields": {
        "product": 6,
        "shop": 3,
        "price": 3250.0,
        "amount": 6,
        "free_shipping": false
    }
},
{
    "model": "main.warehouse",
    "pk": 17,
    "fields": {
        "product": 7,
        "shop": 1,
        "price": 989.0,
        "amount": 25,
        "free_shipping": true
    }
},
{
    "model": "main.warehouse",
    "pk": 18,
    "fields": {
        "product": 7,
        "shop": 2,
        "price": 1000.0,
        "amount": 23,
        "free_shipping": true
    }
},
{
    "model": "main.warehouse",
    "pk": 19,
    "fields": {
        "product": 7,
        "shop": 3,
        "price": 1019.0,
        "amount": 24,
        "free_shipping": false
    }
},
{
    "model": "main.warehouse",
    "pk": 20,
    "fields": {
        "product": 8,
        "shop": 1,
        "price": 419.0,
        "amount": 14,
        "free_shipping": true
    }
},
{
    "model": "main.warehouse",
    "pk": 21,
    "fields": {
        "product": 8,
        "shop": 2,
        "price": 425.0,
        "amount": 15,
        "free_shipping": true
    }
},
{
    "model": "main.warehouse",
    "pk": 22,
    "fields": {
        "product": 9,
        "shop": 1,
        "price": 990.0,
        "amount": 18,
        "free_shipping": false
    }
},
{
    "model": "main.warehouse",
    "pk": 23,
    "fields": {
        "product": 9,
        "shop": 2,
        "price": 1000.0,
        "amount": 20,
        "free_shipping": false
    }
},
{
    "model": "main.warehouse",
    "pk": 24,
    "fields": {
        "product": 9,
        "shop": 3,
        "price": 1019.0,
        "amount": 16,
        "free_shipping": false
    }
},
{
    "model": "main.warehouse",
    "pk": 25,
    "fields": {
        "product": 10,
        "shop": 2,
        "price": 1050.0,
        "amount": 3,
        "free_shipping": false
    }
},
{
    "model": "main.warehouse",
    "pk": 26,
    "fields": {
        "product": 11,
        "shop": 2,
        "price": 1500.0,
        "amount": 4,
        "free_shipping": false
    }
},
{
    "model": "main.warehouse",
    "pk": 27,
    "fields": {
        "product": 12,
        "shop": 2,
        "price": 2300.0,
        "amount": 2,
        "free_shipping": false
    }
},
{
    "model": "main.warehouse",
    "pk": 28,
    "fields": {
        "product": 13,
        "shop": 1,
        "price": 849.0,
        "amount": 5,
        "free_shipping": false
    }
},
{
    "model": "main.warehouse",
    "pk": 29,
    "fields": {
        "product": 13,
        "shop": 2,
        "price": 870.0,
        "amount": 6,
        "free_shipping": false
    }
},
{
    "model": "main.warehouse",
    "pk": 30,
    "fields": {
        "product": 14,
        "shop": 1,
        "price": 1150.0,
        "amount": 3,
        "free_shipping": false
    }
},
{
    "model": "main.warehouse",
    "pk": 31,
    "fields": {
        "product": 14,
        "shop": 2,
        "price": 1189.0,
        "amount": 6,
        "free_shipping": false
    }
},
{
    "model": "main.warehouse",
    "pk": 32,
    "fields": {
        "product": 15,
        "shop": 1,
        "price": 650.0,
        "amount": 4,
        "free_shipping": false
    }
},
{
    "model": "main.warehouse",
    "pk": 33,
    "fields": {
        "product": 15,
        "shop": 3,
        "price": 700.0,
        "amount": 3,
        "free_shipping": false
    }
},
{
    "model": "main.warehouse",
    "pk": 34,
    "fields": {
        "product": 16,
        "shop": 1,
        "price": 450.0,
        "amount": 5,
        "free_shipping": false
    }
},
{
    "model": "main.warehouse",
    "pk": 35,
    "fields": {
        "product": 16,
        "shop": 2,
        "price": 459.0,
        "amount": 4,
        "free_shipping": false
    }
},
{
    "model": "main.warehouse",
    "pk": 36,
    "fields": {
        "product": 16,
        "shop": 3,
        "price": 469.0,
        "amount": 4,
        "free_shipping": false
    }
},
{
    "model": "main.warehouse",
    "pk": 37,
    "fields": {
        "product": 17,
        "shop": 1,
        "price": 600.0,
        "amount": 3,
        "free_shipping": false
    }
},
{
    "model": "main.warehouse",
    "pk": 38,
    "fields": {
        "product": 17,
        "shop": 3,
        "price": 640.0,
        "amount": 4,
        "free_shipping": false
    }
},
{
    "model": "main.warehouse",
    "pk": 39,
    "fields": {
        "product": 18,
        "shop": 1,
        "price": 600.0,
        "amount": 4,
        "free_shipping": false
    }
},
{
    "model": "main.warehouse",
    "pk": 40,
    "fields": {
        "product": 18,
        "shop": 2,
        "price": 619.0,
        "amount": 5,
        "free_shipping": false
    }
},
{
    "model": "main.warehouse",
    "pk": 41,
    "fields": {
        "product": 19,
        "shop": 1,
        "price": 190.0,
        "amount": 6,
        "free_shipping": false
    }
},
{
    "model": "main.warehouse",
    "pk": 42,
    "fields": {
        "product": 19,
        "shop": 2,
        "price": 199.0,
        "amount": 5,
        "free_shipping": false
    }
},
{
    "model": "main.warehouse",
    "pk": 43,
    "fields": {
        "product": 20,
        "shop": 1,
        "price": 210.0,
        "amount": 6,
        "free_shipping": false
    }
},
{
    "model": "main.warehouse",
    "pk": 44,
    "fields": {
        "product": 20,
        "shop": 2,
        "price": 215.0,
        "amount": 5,
        "free_shipping": false
    }
},
{
    "model": "main.warehouse",
    "pk": 45,
    "fields": {
        "product": 21,
        "shop": 1,
        "price": 260.0,
        "amount": 3,
        "free_shipping": false
    }
},
{
    "model": "main.warehouse",
    "pk": 46,
    "fields": {
        "product": 21,
        "shop": 2,
        "price": 279.0,
        "amount": 4,
        "free_shipping": false
    }
},
{
    "model": "main.warehouse",
    "pk": 47,
    "fields": {
        "product": 22,
        "shop": 1,
        "price": 80.0,
        "amount": 15,
        "free_shipping": false
    }
},
{
    "model": "main.warehouse",
    "pk": 48,
    "fields": {
        "product": 22,
        "shop": 2,
        "price": 85.0,
        "amount": 17,
        "free_shipping": false
    }
},
{
    "model": "main.warehouse",
    "pk": 49,
    "fields": {
        "product": 23,
        "shop": 1,
        "price": 140.0,
        "amount": 17,
        "free_shipping": false
    }
},
{
    "model": "main.warehouse",
    "pk": 50,
    "fields": {
        "product": 23,
        "shop": 2,
        "price": 150.0,
        "amount": 16,
        "free_shipping": false
    }
},
{
    "model": "main.warehouse",
    "pk": 51,
    "fields": {
        "product": 24,
        "shop": 1,
        "price": 600.0,
        "amount": 15,
        "free_shipping": false
    }
},
{
    "model": "main.warehouse",
    "pk": 52,
    "fields": {
        "product": 24,
        "shop": 2,
        "price": 609.0,
        "amount": 13,
        "free_shipping": false
    }
},
{
    "model": "main.warehouse",
    "pk": 53,
    "fields": {
        "product": 25,
        "shop": 1,
        "price": 580.0,
        "amount": 12,
        "free_shipping": false
    }
},
{
    "model": "main.warehouse",
    "pk": 54,
    "fields": {
        "product": 25,
        "shop": 2,
        "price": 589.0,
        "amount": 13,
        "free_shipping": false
    }
},
{
    "model": "main.warehouse",
    "pk": 55,
    "fields": {
        "product": 25,
        "shop": 3,
        "price": 600.0,
        "amount": 10,
        "free_shipping": false
    }
},
{
    "model": "main.warehouse",
    "pk": 56,
    "fields": {
        "product": 26,
        "shop": 1,
        "price": 120.0,
        "amount": 13,
        "free_shipping": false
    }
},
{
    "model": "main.warehouse",
    "pk": 57,
    "fields": {
        "product": 26,
        "shop": 2,
        "price": 125.0,
        "amount": 14,
        "free_shipping": false
    }
},
{
    "model": "main.warehouse",
    "pk": 58,
    "fields": {
        "product": 26,
        "shop": 3,
        "price": 129.0,
        "amount": 12,
        "free_shipping": false
    }
},
{
    "model": "main.warehouse",
    "pk": 59,
    "fields": {
        "product": 27,
        "shop": 1,
        "price": 250.0,
        "amount": 12,
        "free_shipping": false
    }
},
{
    "model": "main.warehouse",
    "pk": 60,
    "fields": {
        "product": 27,
        "shop": 2,
        "price": 259.0,
        "amount": 10,
        "free_shipping": false
    }
},
{
    "model": "main.warehouse",
    "pk": 61,
    "fields": {
        "product": 27,
        "shop": 3,
        "price": 265.0,
        "amount": 11,
        "free_shipping": false
    }
},
{
    "model": "main.warehouse",
    "pk": 62,
    "fields": {
        "product": 28,
        "shop": 1,
        "price": 220.0,
        "amount": 16,
        "free_shipping": true
    }
},
{
    "model": "main.warehouse",
    "pk": 63,
    "fields": {
        "product": 28,
        "shop": 2,
        "price": 225.0,
        "amount": 17,
        "free_shipping": true
    }
},
{
    "model": "main.warehouse",
    "pk": 64,
    "fields": {
        "product": 28,
        "shop": 3,
        "price": 229.0,
        "amount": 16,
        "free_shipping": true
    }
},
{
    "model": "main.warehouse",
    "pk": 65,
    "fields": {
        "product": 29,
        "shop": 1,
        "price": 95.0,
        "amount": 21,
        "free_shipping": true
    }
},
{
    "model": "main.warehouse",
    "pk": 66,
    "fields": {
        "product": 29,
        "shop": 2,
        "price": 99.0,
        "amount": 25,
        "free_shipping": true
    }
},
{
    "model": "main.warehouse",
    "pk": 67,
    "fields": {
        "product": 29,
        "shop": 3,
        "price": 100.0,
        "amount": 21,
        "free_shipping": true
    }
},
{
    "model": "main.warehouse",
    "pk": 68,
    "fields": {
        "product": 30,
        "shop": 1,
        "price": 700.0,
        "amount": 8,
        "free_shipping": true
    }
},
{
    "model": "main.warehouse",
    "pk": 69,
    "fields": {
        "product": 30,
        "shop": 2,
        "price": 709.0,
        "amount": 9,
        "free_shipping": true
    }
},
{
    "model": "main.warehouse",
    "pk": 70,
    "fields": {
        "product": 30,
        "shop": 3,
        "price": 720.0,
        "amount": 9,
        "free_shipping": true
    }
},
{
    "model": "main.warehouse",
    "pk": 71,
    "fields": {
        "product": 31,
        "shop": 1,
        "price": 80.0,
        "amount": 12,
        "free_shipping": false
    }
},
{
    "model": "main.warehouse",
    "pk": 72,
    "fields": {
        "product": 31,
        "shop": 2,
        "price": 82.0,
        "amount": 13,
        "free_shipping": false
    }
},
{
    "model": "main.warehouse",
    "pk": 73,
    "fields": {
        "product": 31,
        "shop": 3,
        "price": 85.0,
        "amount": 13,
        "free_shipping": false
    }
},
{
    "model": "main.warehouse",
    "pk": 74,
    "fields": {
        "product": 32,
        "shop": 1,
        "price": 9.0,
        "amount": 14,
        "free_shipping": false
    }
},
{
    "model": "main.warehouse",
    "pk": 75,
    "fields": {
        "product": 32,
        "shop": 2,
        "price": 10.0,
        "amount": 15,
        "free_shipping": false
    }
},
{
    "model": "main.warehouse",
    "pk": 76,
    "fields": {
        "product": 32,
        "shop": 3,
        "price": 11.0,
        "amount": 14,
        "free_shipping": false
    }
},
{
    "model": "main.warehouse",
    "pk": 77,
    "fields": {
        "product": 33,
        "shop": 1,
        "price": 23.0,
        "amount": 12,
        "free_shipping": false
    }
},
{
    "model": "main.warehouse",
    "pk": 78,
    "fields": {
        "product": 33,
        "shop": 2,
        "price": 25.0,
        "amount": 13,
        "free_shipping": false
    }
},
{
    "model": "main.warehouse",
    "pk": 79,
    "fields": {
        "product": 33,
        "shop": 3,
        "price": 26.0,
        "amount": 12,
        "free_shipping": false
    }
},
{
    "model": "main.warehouse",
    "pk": 80,
    "fields": {
        "product": 34,
        "shop": 1,
        "price": 15.0,
        "amount": 12,
        "free_shipping": false
    }
},
{
    "model": "main.warehouse",
    "pk": 81,
    "fields": {
        "product": 34,
        "shop": 2,
        "price": 16.0,
        "amount": 13,
        "free_shipping": false
    }
},
{
    "model": "main.warehouse",
    "pk": 82,
    "fields": {
        "product": 34,
        "shop": 3,
        "price": 17.0,
        "amount": 12,
        "free_shipping": false
    }
},
{
    "model": "main.warehouse",
    "pk": 83,
    "fields": {
        "product": 35,
        "shop": 2,
        "price": 800.0,
        "amount": 6,
        "free_shipping": false
    }
},
{
    "model": "main.warehouse",
    "pk": 84,
    "fields": {
        "product": 35,
        "shop": 3,
        "price": 810.0,
        "amount": 7,
        "free_shipping": false
    }
},
{
    "model": "main.warehouse",
    "pk": 85,
    "fields": {
        "product": 36,
        "shop": 2,
        "price": 12.0,
        "amount": 7,
        "free_shipping": false
    }
},
{
    "model": "main.warehouse",
    "pk": 86,
    "fields": {
        "product": 36,
        "shop": 3,
        "price": 13.0,
        "amount": 8,
        "free_shipping": false
    }
},
{
    "model": "main.warehouse",
    "pk": 87,
    "fields": {
        "product": 37,
        "shop": 2,
        "price": 120.0,
        "amount": 9,
        "free_shipping": false
    }
},
{
    "model": "main.warehouse",
    "pk": 88,
    "fields": {
        "product": 37,
        "shop": 3,
        "price": 125.0,
        "amount": 8,
        "free_shipping": false
    }
},
{
    "model": "main.warehouse",
    "pk": 89,
    "fields": {
        "product": 38,
        "shop": 1,
        "price": 1050.0,
        "amount": 3,
        "free_shipping": true
    }
},
{
    "model": "main.warehouse",
    "pk": 90,
    "fields": {
        "product": 38,
        "shop": 3,
        "price": 1070.0,
        "amount": 2,
        "free_shipping": true
    }
},
{
    "model": "main.warehouse",
    "pk": 91,
    "fields": {
        "product": 39,
        "shop": 1,
        "price": 400.0,
        "amount": 7,
        "free_shipping": true
    }
},
{
    "model": "main.warehouse",
    "pk": 92,
    "fields": {
        "product": 39,
        "shop": 2,
        "price": 410.0,
        "amount": 6,
        "free_shipping": true
    }
},
{
    "model": "main.warehouse",
    "pk": 93,
    "fields": {
        "product": 40,
        "shop": 1,
        "price": 650.0,
        "amount": 5,
        "free_shipping": true
    }
},
{
    "model": "main.warehouse",
    "pk": 94,
    "fields": {
        "product": 40,
        "shop": 2,
        "price": 660.0,
        "amount": 4,
        "free_shipping": true
    }
},
{
    "model": "main.warehouse",
    "pk": 95,
    "fields": {
        "product": 41,
        "shop": 1,
        "price": 60.0,
        "amount": 8,
        "free_shipping": false
    }
},
{
    "model": "main.warehouse",
    "pk": 96,
    "fields": {
        "product": 41,
        "shop": 2,
        "price": 62.0,
        "amount": 7,
        "free_shipping": false
    }
},
{
    "model": "main.warehouse",
    "pk": 97,
    "fields": {
        "product": 41,
        "shop": 3,
        "price": 65.0,
        "amount": 8,
        "free_shipping": false
    }
},
{
    "model": "main.warehouse",
    "pk": 98,
    "fields": {
        "product": 42,
        "shop": 1,
        "price": 13.0,
        "amount": 12,
        "free_shipping": false
    }
},
{
    "model": "main.warehouse",
    "pk": 99,
    "fields": {
        "product": 42,
        "shop": 2,
        "price": 14.0,
        "amount": 13,
        "free_shipping": false
    }
},
{
    "model": "main.warehouse",
    "pk": 100,
    "fields": {
        "product": 42,
        "shop": 3,
        "price": 15.0,
        "amount": 12,
        "free_shipping": false
    }
},
{
    "model": "main.warehouse",
    "pk": 101,
    "fields": {
        "product": 43,
        "shop": 1,
        "price": 3.0,
        "amount": 4,
        "free_shipping": false
    }
},
{
    "model": "main.warehouse",
    "pk": 102,
    "fields": {
        "product": 43,
        "shop": 2,
        "price": 3.5,
        "amount": 9,
        "free_shipping": false
    }
},
{
    "model": "main.warehouse",
    "pk": 103,
    "fields": {
        "product": 43,
        "shop": 3,
        "price": 4.0,
        "amount": 1,
        "free_shipping": false
    }
},
{
    "model": "main.warehouse",
    "pk": 104,
    "fields": {
        "product": 44,
        "shop": 1,
        "price": 140.0,
        "amount": 12,
        "free_shipping": false
    }
},
{
    "model": "main.warehouse",
    "pk": 105,
    "fields": {
        "product": 44,
        "shop": 2,
        "price": 142.0,
        "amount": 13,
        "free_shipping": false
    }
},
{
    "model": "main.warehouse",
    "pk": 106,
    "fields": {
        "product": 44,
        "shop": 3,
        "price": 146.0,
        "amount": 11,
        "free_shipping": false
    }
},
{
    "model": "main.warehouse",
    "pk": 107,
    "fields": {
        "product": 45,
        "shop": 1,
        "price": 230.0,
        "amount": 11,
        "free_shipping": false
    }
},
{
    "model": "main.warehouse",
    "pk": 108,
    "fields": {
        "product": 45,
        "shop": 2,
        "price": 231.0,
        "amount": 12,
        "free_shipping": false
    }
},
{
    "model": "main.warehouse",
    "pk": 109,
    "fields": {
        "product": 45,
        "shop": 3,
        "price": 239.0,
        "amount": 11,
        "free_shipping": false
    }
},
{
    "model": "main.warehouse",
    "pk": 110,
    "fields": {
        "product": 46,
        "shop": 1,
        "price": 27.0,
        "amount": 5,
        "free_shipping": false
    }
},
{
    "model": "main.warehouse",
    "pk": 111,
    "fields": {
        "product": 46,
        "shop": 2,
        "price": 29.0,
        "amount": 6,
        "free_shipping": false
    }
},
{
    "model": "main.warehouse",
    "pk": 112,
    "fields": {
        "product": 46,
        "shop": 3,
        "price": 30.0,
        "amount": 7,
        "free_shipping": false
    }
},
{
    "model": "main.banner",
    "pk": 1,
    "fields": {
        "title": "Brand new MacBook",
        "text": "Best decision for home or office",
        "link": "http://127.0.0.1:8000/catalog/noutbuk-apple-macbook-pro-13-3-ips-apple-m1",
        "image": "banner_images/1451527_v01_b.jpeg",
        "is_active": true
    }
},
{
    "model": "main.banner",
    "pk": 2,
    "fields": {
        "title": "This is Microsoft Surface",
        "text": "Forget about MacBooks",
        "link": "http://127.0.0.1:8000/catalog/product--planshet-microsoft-surface-pro-x-msq2-16g",
        "image": "banner_images/orig.jpeg",
        "is_active": true
    }
},
{
    "model": "main.profile",
    "pk": 1,
    "fields": {
        "user": 1,
        "first_name": "",
        "last_name": "",
        "patronymic": "",
        "photo": "icons/user_icon.png",
        "phone": "",
        "birth_date": null,
        "mail": ""
    }
},
{
    "model": "main.profile",
    "pk": 2,
    "fields": {
        "user": 2,
        "first_name": "",
        "last_name": "",
        "patronymic": "",
        "photo": "icons/user_icon.png",
        "phone": "",
        "birth_date": null,
        "mail": ""
    }
},
{
    "model": "main.profile",
    "pk": 3,
    "fields": {
        "user": 3,
        "first_name": "",
        "last_name": "",
        "patronymic": "",
        "photo": "icons/user_icon.png",
        "phone": "",
        "birth_date": null,
        "mail": ""
    }
},
{
    "model": "main.profile",
    "pk": 4,
    "fields": {
        "user": 4,
        "first_name": "Василий",
        "last_name": "Пупкин",
        "patronymic": "Иванович",
        "photo": "icons/user_icon.png",
        "phone": "+79876543210",
        "birth_date": "2021-08-06",
        "mail": "mail@mail.ru"
    }
},
{
    "model": "main.profile",
    "pk": 5,
    "fields": {
        "user": 5,
        "first_name": "2",
        "last_name": "2",
        "patronymic": "2",
        "photo": "arrowMuted.png",
        "phone": "",
        "birth_date": null,
        "mail": ""
    }
},
{
    "model": "main.recentproduct",
    "pk": 1,
    "fields": {
        "user": 1,
        "product": 12,
        "tm": "2021-08-08T09:17:41.194Z"
    }
},
{
    "model": "main.recentproduct",
    "pk": 2,
    "fields": {
        "user": 5,
        "product": 1,
        "tm": "2021-08-10T08:00:00.770Z"
    }
},
{
    "model": "main.recentproduct",
    "pk": 3,
    "fields": {
        "user": 5,
        "product": 1,
        "tm": "2021-08-10T08:00:08.146Z"
    }
},
{
    "model": "main.recentproduct",
    "pk": 4,
    "fields": {
        "user": 5,
        "product": 1,
        "tm": "2021-08-10T08:00:10.105Z"
    }
},
{
    "model": "main.recentproduct",
    "pk": 5,
    "fields": {
        "user": 5,
        "product": 1,
        "tm": "2021-08-10T08:00:13.618Z"
    }
},
{
    "model": "main.recentproduct",
    "pk": 6,
    "fields": {
        "user": 5,
        "product": 1,
        "tm": "2021-08-10T08:00:19.227Z"
    }
},
{
    "model": "main.recentproduct",
    "pk": 7,
    "fields": {
        "user": 5,
        "product": 1,
        "tm": "2021-08-10T08:00:49.370Z"
    }
},
{
    "model": "main.recentproduct",
    "pk": 8,
    "fields": {
        "user": 5,
        "product": 1,
        "tm": "2021-08-10T08:00:51.846Z"
    }
},
{
    "model": "main.recentproduct",
    "pk": 9,
    "fields": {
        "user": 5,
        "product": 2,
        "tm": "2021-08-10T08:05:22.707Z"
    }
},
{
    "model": "main.recentproduct",
    "pk": 10,
    "fields": {
        "user": 5,
        "product": 1,
        "tm": "2021-08-10T11:45:02.814Z"
    }
},
{
    "model": "main.recentproduct",
    "pk": 11,
    "fields": {
        "user": 5,
        "product": 12,
        "tm": "2021-08-10T11:55:38.583Z"
    }
},
{
    "model": "main.recentproduct",
    "pk": 12,
    "fields": {
        "user": 5,
        "product": 12,
        "tm": "2021-08-10T11:56:52.280Z"
    }
},
{
    "model": "main.recentproduct",
    "pk": 13,
    "fields": {
        "user": 5,
        "product": 22,
        "tm": "2021-08-10T11:58:54.076Z"
    }
},
{
    "model": "main.recentproduct",
    "pk": 14,
    "fields": {
        "user": 5,
        "product": 22,
        "tm": "2021-08-10T11:59:00.650Z"
    }
},
{
    "model": "main.recentproduct",
    "pk": 15,
    "fields": {
        "user": 5,
        "product": 22,
        "tm": "2021-08-10T11:59:02.455Z"
    }
},
{
    "model": "main.recentproduct",
    "pk": 16,
    "fields": {
        "user": 5,
        "product": 22,
        "tm": "2021-08-10T11:59:04.595Z"
    }
},
{
    "model": "main.recentproduct",
    "pk": 17,
    "fields": {
        "user": 5,
        "product": 25,
        "tm": "2021-08-10T12:00:02.746Z"
    }
},
{
    "model": "main.recentproduct",
    "pk": 18,
    "fields": {
        "user": 5,
        "product": 25,
        "tm": "2021-08-10T12:00:11.541Z"
    }
},
{
    "model": "main.recentproduct",
    "pk": 19,
    "fields": {
        "user": 5,
        "product": 25,
        "tm": "2021-08-10T12:00:13.707Z"
    }
},
{
    "model": "main.cart",
    "pk": 1,
    "fields": {
        "user": 2,
        "created": "2021-08-06T06:31:54.058Z",
        "is_payed": false,
        "cost": 0.0
    }
},
{
    "model": "main.cart",
    "pk": 2,
    "fields": {
        "user": 1,
        "created": "2021-08-06T07:22:25.274Z",
        "is_payed": false,
        "cost": 0.0
    }
},
{
    "model": "main.cart",
    "pk": 3,
    "fields": {
        "user": 5,
        "created": "2021-08-10T07:57:58.539Z",
        "is_payed": false,
        "cost": 0.0
    }
},
{
    "model": "compare.compareproduct",
    "pk": 2,
    "fields": {
        "product": 1,
        "user": 2,
        "date_added": "2021-08-10T07:55:54.683Z"
    }
},
{
    "model": "compare.compareproduct",
    "pk": 3,
    "fields": {
        "product": 2,
        "user": 2,
        "date_added": "2021-08-10T07:56:06.765Z"
    }
},
{
    "model": "compare.compareproduct",
    "pk": 4,
    "fields": {
        "product": 25,
        "user": 5,
        "date_added": "2021-08-10T11:57:46.267Z"
    }
},
{
    "model": "compare.compareproduct",
    "pk": 6,
    "fields": {
        "product": 26,
        "user": 5,
        "date_added": "2021-08-10T11:59:45.496Z"
    }
},
{
    "model": "compare.characteristic",
    "pk": 1,
    "fields": {
        "name": "Диагональ экрана"
    }
},
{
    "model": "compare.characteristic",
    "pk": 2,
    "fields": {
        "name": "Разрешение экрана"
    }
},
{
    "model": "compare.characteristic",
    "pk": 3,
    "fields": {
        "name": "Процессор"
    }
},
{
    "model": "compare.characteristic",
    "pk": 4,
    "fields": {
        "name": "Оперативная память"
    }
},
{
    "model": "compare.characteristic",
    "pk": 5,
    "fields": {
        "name": "Графический процессор"
    }
},
{
    "model": "compare.characteristic",
    "pk": 6,
    "fields": {
        "name": "Объем HDD"
    }
},
{
    "model": "compare.characteristic",
    "pk": 7,
    "fields": {
        "name": "Объем SSD"
    }
},
{
    "model": "compare.characteristic",
    "pk": 8,
    "fields": {
        "name": "Операционная система"
    }
},
{
    "model": "compare.characteristic",
    "pk": 9,
    "fields": {
        "name": "Форм-фактор"
    }
},
{
    "model": "compare.characteristic",
    "pk": 10,
    "fields": {
        "name": "Объем накопителя"
    }
},
{
    "model": "compare.characteristic",
    "pk": 11,
    "fields": {
        "name": "Интерфейс"
    }
},
{
    "model": "compare.characteristic",
    "pk": 12,
    "fields": {
        "name": "Тип матрицы"
    }
},
{
    "model": "compare.characteristic",
    "pk": 13,
    "fields": {
        "name": "Частота обновления"
    }
},
{
    "model": "compare.characteristic",
    "pk": 14,
    "fields": {
        "name": "Технология печати"
    }
},
{
    "model": "compare.characteristic",
    "pk": 15,
    "fields": {
        "name": "Формат печати"
    }
},
{
    "model": "compare.characteristic",
    "pk": 16,
    "fields": {
        "name": "Скорость печати"
    }
},
{
    "model": "compare.characteristic",
    "pk": 17,
    "fields": {
        "name": "Разрешение сенсора"
    }
},
{
    "model": "compare.characteristic",
    "pk": 18,
    "fields": {
        "name": "Разрешение матрицы"
    }
},
{
    "model": "compare.productcharacteristic",
    "pk": 1,
    "fields": {
        "product": 1,
        "characteristic": 1,
        "value": "15.6 \""
    }
},
{
    "model": "compare.productcharacteristic",
    "pk": 2,
    "fields": {
        "product": 1,
        "characteristic": 2,
        "value": "1920х1080"
    }
},
{
    "model": "compare.productcharacteristic",
    "pk": 3,
    "fields": {
        "product": 1,
        "characteristic": 3,
        "value": "AMD Ryzen 5 4600H"
    }
},
{
    "model": "compare.productcharacteristic",
    "pk": 4,
    "fields": {
        "product": 1,
        "characteristic": 4,
        "value": "16384 Мб, DDR4, 3200 МГц"
    }
},
{
    "model": "compare.productcharacteristic",
    "pk": 5,
    "fields": {
        "product": 1,
        "characteristic": 5,
        "value": "NVIDIA GeForce GTX 1650 - 4096 Мб"
    }
},
{
    "model": "compare.productcharacteristic",
    "pk": 6,
    "fields": {
        "product": 1,
        "characteristic": 6,
        "value": "1000 Гб, 5400 об/мин"
    }
},
{
    "model": "compare.productcharacteristic",
    "pk": 7,
    "fields": {
        "product": 1,
        "characteristic": 7,
        "value": "256 Гб"
    }
},
{
    "model": "compare.productcharacteristic",
    "pk": 8,
    "fields": {
        "product": 1,
        "characteristic": 8,
        "value": "Windows 10"
    }
},
{
    "model": "compare.productcharacteristic",
    "pk": 9,
    "fields": {
        "product": 2,
        "characteristic": 1,
        "value": "15.6 \""
    }
},
{
    "model": "compare.productcharacteristic",
    "pk": 10,
    "fields": {
        "product": 2,
        "characteristic": 2,
        "value": "1920х1080"
    }
},
{
    "model": "compare.productcharacteristic",
    "pk": 11,
    "fields": {
        "product": 2,
        "characteristic": 3,
        "value": "Intel Core i7 9750H"
    }
},
{
    "model": "compare.productcharacteristic",
    "pk": 12,
    "fields": {
        "product": 2,
        "characteristic": 4,
        "value": "8192 Мб, DDR4, 2133 МГц"
    }
},
{
    "model": "compare.productcharacteristic",
    "pk": 13,
    "fields": {
        "product": 2,
        "characteristic": 5,
        "value": "NVIDIA GeForce GTX 1650 - 4096 Мб"
    }
},
{
    "model": "compare.productcharacteristic",
    "pk": 14,
    "fields": {
        "product": 2,
        "characteristic": 7,
        "value": "512 Гб"
    }
},
{
    "model": "compare.productcharacteristic",
    "pk": 15,
    "fields": {
        "product": 2,
        "characteristic": 8,
        "value": "Eshell"
    }
},
{
    "model": "compare.productcharacteristic",
    "pk": 16,
    "fields": {
        "product": 3,
        "characteristic": 1,
        "value": "15.6 \""
    }
},
{
    "model": "compare.productcharacteristic",
    "pk": 17,
    "fields": {
        "product": 3,
        "characteristic": 2,
        "value": "1920х1080"
    }
},
{
    "model": "compare.productcharacteristic",
    "pk": 18,
    "fields": {
        "product": 3,
        "characteristic": 3,
        "value": "AMD Ryzen 7 5800H"
    }
},
{
    "model": "compare.productcharacteristic",
    "pk": 19,
    "fields": {
        "product": 3,
        "characteristic": 4,
        "value": "8192 Мб, DDR4, 3200 МГц"
    }
},
{
    "model": "compare.productcharacteristic",
    "pk": 20,
    "fields": {
        "product": 3,
        "characteristic": 5,
        "value": "NVIDIA GeForce RTX 3060 для ноутбуков - 6144 Мб"
    }
},
{
    "model": "compare.productcharacteristic",
    "pk": 21,
    "fields": {
        "product": 3,
        "characteristic": 7,
        "value": "512 Гб"
    }
},
{
    "model": "compare.productcharacteristic",
    "pk": 22,
    "fields": {
        "product": 3,
        "characteristic": 8,
        "value": "Windows 10 Home"
    }
},
{
    "model": "compare.productcharacteristic",
    "pk": 23,
    "fields": {
        "product": 4,
        "characteristic": 1,
        "value": "13.3 \""
    }
},
{
    "model": "compare.productcharacteristic",
    "pk": 24,
    "fields": {
        "product": 4,
        "characteristic": 2,
        "value": "2560х1600"
    }
},
{
    "model": "compare.productcharacteristic",
    "pk": 25,
    "fields": {
        "product": 4,
        "characteristic": 3,
        "value": "Apple M1"
    }
},
{
    "model": "compare.productcharacteristic",
    "pk": 26,
    "fields": {
        "product": 4,
        "characteristic": 4,
        "value": "8192 Мб"
    }
},
{
    "model": "compare.productcharacteristic",
    "pk": 27,
    "fields": {
        "product": 4,
        "characteristic": 7,
        "value": "512 Гб"
    }
},
{
    "model": "compare.productcharacteristic",
    "pk": 28,
    "fields": {
        "product": 4,
        "characteristic": 8,
        "value": "Mac OS"
    }
},
{
    "model": "compare.productcharacteristic",
    "pk": 29,
    "fields": {
        "product": 5,
        "characteristic": 1,
        "value": "13.3 \""
    }
},
{
    "model": "compare.productcharacteristic",
    "pk": 30,
    "fields": {
        "product": 5,
        "characteristic": 2,
        "value": "2560х1600"
    }
},
{
    "model": "compare.productcharacteristic",
    "pk": 31,
    "fields": {
        "product": 5,
        "characteristic": 3,
        "value": "Apple M1"
    }
},
{
    "model": "compare.productcharacteristic",
    "pk": 32,
    "fields": {
        "product": 5,
        "characteristic": 4,
        "value": "16384 Мб"
    }
},
{
    "model": "compare.productcharacteristic",
    "pk": 33,
    "fields": {
        "product": 5,
        "characteristic": 7,
        "value": "512 Гб"
    }
},
{
    "model": "compare.productcharacteristic",
    "pk": 34,
    "fields": {
        "product": 5,
        "characteristic": 8,
        "value": "Mac OS"
    }
},
{
    "model": "compare.productcharacteristic",
    "pk": 35,
    "fields": {
        "product": 6,
        "characteristic": 1,
        "value": "16 \""
    }
},
{
    "model": "compare.productcharacteristic",
    "pk": 36,
    "fields": {
        "product": 6,
        "characteristic": 2,
        "value": "3072х1920"
    }
},
{
    "model": "compare.productcharacteristic",
    "pk": 37,
    "fields": {
        "product": 6,
        "characteristic": 3,
        "value": "Intel Core i9 9880H"
    }
},
{
    "model": "compare.productcharacteristic",
    "pk": 38,
    "fields": {
        "product": 6,
        "characteristic": 4,
        "value": "16384 Мб, DDR4"
    }
},
{
    "model": "compare.productcharacteristic",
    "pk": 39,
    "fields": {
        "product": 6,
        "characteristic": 5,
        "value": "Radeon Pro 5500M - 8192 Мб"
    }
},
{
    "model": "compare.productcharacteristic",
    "pk": 40,
    "fields": {
        "product": 6,
        "characteristic": 7,
        "value": "1024 Гб"
    }
},
{
    "model": "compare.productcharacteristic",
    "pk": 41,
    "fields": {
        "product": 6,
        "characteristic": 8,
        "value": "macOS"
    }
},
{
    "model": "compare.productcharacteristic",
    "pk": 42,
    "fields": {
        "product": 7,
        "characteristic": 1,
        "value": "16.1 \""
    }
},
{
    "model": "compare.productcharacteristic",
    "pk": 43,
    "fields": {
        "product": 7,
        "characteristic": 2,
        "value": "1920х1080"
    }
},
{
    "model": "compare.productcharacteristic",
    "pk": 44,
    "fields": {
        "product": 7,
        "characteristic": 3,
        "value": "AMD Ryzen 5 4600H"
    }
},
{
    "model": "compare.productcharacteristic",
    "pk": 45,
    "fields": {
        "product": 7,
        "characteristic": 4,
        "value": "16384 Мб, DDR4"
    }
},
{
    "model": "compare.productcharacteristic",
    "pk": 46,
    "fields": {
        "product": 7,
        "characteristic": 5,
        "value": "AMD Radeon"
    }
},
{
    "model": "compare.productcharacteristic",
    "pk": 47,
    "fields": {
        "product": 7,
        "characteristic": 7,
        "value": "512 Гб"
    }
},
{
    "model": "compare.productcharacteristic",
    "pk": 48,
    "fields": {
        "product": 7,
        "characteristic": 8,
        "value": "Windows 10"
    }
},
{
    "model": "compare.productcharacteristic",
    "pk": 49,
    "fields": {
        "product": 8,
        "characteristic": 1,
        "value": "14 \""
    }
},
{
    "model": "compare.productcharacteristic",
    "pk": 50,
    "fields": {
        "product": 8,
        "characteristic": 2,
        "value": "1920х1080"
    }
},
{
    "model": "compare.productcharacteristic",
    "pk": 51,
    "fields": {
        "product": 8,
        "characteristic": 3,
        "value": "Intel Pentium Silver N5030"
    }
},
{
    "model": "compare.productcharacteristic",
    "pk": 52,
    "fields": {
        "product": 8,
        "characteristic": 4,
        "value": "4096 Мб, DDR4"
    }
},
{
    "model": "compare.productcharacteristic",
    "pk": 53,
    "fields": {
        "product": 8,
        "characteristic": 5,
        "value": "Intel UHD Graphics 605"
    }
},
{
    "model": "compare.productcharacteristic",
    "pk": 54,
    "fields": {
        "product": 8,
        "characteristic": 7,
        "value": "128 Гб"
    }
},
{
    "model": "compare.productcharacteristic",
    "pk": 55,
    "fields": {
        "product": 8,
        "characteristic": 8,
        "value": "Windows 10"
    }
},
{
    "model": "compare.productcharacteristic",
    "pk": 56,
    "fields": {
        "product": 9,
        "characteristic": 1,
        "value": "16.1 \""
    }
},
{
    "model": "compare.productcharacteristic",
    "pk": 57,
    "fields": {
        "product": 9,
        "characteristic": 2,
        "value": "1920х1080"
    }
},
{
    "model": "compare.productcharacteristic",
    "pk": 58,
    "fields": {
        "product": 9,
        "characteristic": 3,
        "value": "AMD Ryzen 5 4600H"
    }
},
{
    "model": "compare.productcharacteristic",
    "pk": 59,
    "fields": {
        "product": 9,
        "characteristic": 4,
        "value": "16384 Мб, DDR4"
    }
},
{
    "model": "compare.productcharacteristic",
    "pk": 60,
    "fields": {
        "product": 9,
        "characteristic": 5,
        "value": "AMD Radeon"
    }
},
{
    "model": "compare.productcharacteristic",
    "pk": 61,
    "fields": {
        "product": 9,
        "characteristic": 7,
        "value": "512 Гб"
    }
},
{
    "model": "compare.productcharacteristic",
    "pk": 62,
    "fields": {
        "product": 9,
        "characteristic": 8,
        "value": "Windows 10 Home"
    }
},
{
    "model": "compare.productcharacteristic",
    "pk": 63,
    "fields": {
        "product": 10,
        "characteristic": 1,
        "value": "10.5\""
    }
},
{
    "model": "compare.productcharacteristic",
    "pk": 64,
    "fields": {
        "product": 10,
        "characteristic": 2,
        "value": "1920x1280"
    }
},
{
    "model": "compare.productcharacteristic",
    "pk": 65,
    "fields": {
        "product": 10,
        "characteristic": 3,
        "value": "Pentium 1700 МГц"
    }
},
{
    "model": "compare.productcharacteristic",
    "pk": 66,
    "fields": {
        "product": 10,
        "characteristic": 4,
        "value": "8 ГБ"
    }
},
{
    "model": "compare.productcharacteristic",
    "pk": 67,
    "fields": {
        "product": 10,
        "characteristic": 7,
        "value": "128 ГБ"
    }
},
{
    "model": "compare.productcharacteristic",
    "pk": 68,
    "fields": {
        "product": 10,
        "characteristic": 8,
        "value": "Windows 10"
    }
},
{
    "model": "compare.productcharacteristic",
    "pk": 69,
    "fields": {
        "product": 11,
        "characteristic": 3,
        "value": "Intel Core i5"
    }
},
{
    "model": "compare.productcharacteristic",
    "pk": 70,
    "fields": {
        "product": 11,
        "characteristic": 4,
        "value": "8GB"
    }
},
{
    "model": "compare.productcharacteristic",
    "pk": 71,
    "fields": {
        "product": 11,
        "characteristic": 7,
        "value": "128GB"
    }
},
{
    "model": "compare.productcharacteristic",
    "pk": 72,
    "fields": {
        "product": 11,
        "characteristic": 8,
        "value": "Windows 10"
    }
},
{
    "model": "compare.productcharacteristic",
    "pk": 73,
    "fields": {
        "product": 12,
        "characteristic": 1,
        "value": "13\""
    }
},
{
    "model": "compare.productcharacteristic",
    "pk": 74,
    "fields": {
        "product": 12,
        "characteristic": 2,
        "value": "2880x1920"
    }
},
{
    "model": "compare.productcharacteristic",
    "pk": 75,
    "fields": {
        "product": 12,
        "characteristic": 3,
        "value": "Microsoft SQ2 3100 МГц"
    }
},
{
    "model": "compare.productcharacteristic",
    "pk": 76,
    "fields": {
        "product": 12,
        "characteristic": 4,
        "value": "16 ГБ LPDDR4X 2133 МГц"
    }
},
{
    "model": "compare.productcharacteristic",
    "pk": 77,
    "fields": {
        "product": 12,
        "characteristic": 7,
        "value": "256 ГБ"
    }
},
{
    "model": "compare.productcharacteristic",
    "pk": 78,
    "fields": {
        "product": 12,
        "characteristic": 8,
        "value": "Windows 10"
    }
},
{
    "model": "compare.productcharacteristic",
    "pk": 79,
    "fields": {
        "product": 13,
        "characteristic": 3,
        "value": "Intel Core i5 10400F"
    }
},
{
    "model": "compare.productcharacteristic",
    "pk": 80,
    "fields": {
        "product": 13,
        "characteristic": 4,
        "value": "DIMM, DDR4 8192 Мб 2666 МГц"
    }
},
{
    "model": "compare.productcharacteristic",
    "pk": 81,
    "fields": {
        "product": 13,
        "characteristic": 5,
        "value": "NVIDIA GeForce GTX 1650 - 4096 Мб"
    }
},
{
    "model": "compare.productcharacteristic",
    "pk": 82,
    "fields": {
        "product": 13,
        "characteristic": 7,
        "value": "512 ГБ"
    }
},
{
    "model": "compare.productcharacteristic",
    "pk": 83,
    "fields": {
        "product": 13,
        "characteristic": 8,
        "value": "Windows 10"
    }
},
{
    "model": "compare.productcharacteristic",
    "pk": 84,
    "fields": {
        "product": 14,
        "characteristic": 3,
        "value": "AMD Ryzen 7 2700"
    }
},
{
    "model": "compare.productcharacteristic",
    "pk": 85,
    "fields": {
        "product": 14,
        "characteristic": 4,
        "value": "DIMM, DDR4 16384 Мб 2400 МГц"
    }
},
{
    "model": "compare.productcharacteristic",
    "pk": 86,
    "fields": {
        "product": 14,
        "characteristic": 5,
        "value": "NVIDIA GeForce GTX 1660 Super - 6144 Мб"
    }
},
{
    "model": "compare.productcharacteristic",
    "pk": 87,
    "fields": {
        "product": 14,
        "characteristic": 6,
        "value": "1024 Гб, 7200 об/мин"
    }
},
{
    "model": "compare.productcharacteristic",
    "pk": 88,
    "fields": {
        "product": 14,
        "characteristic": 7,
        "value": "240 ГБ"
    }
},
{
    "model": "compare.productcharacteristic",
    "pk": 89,
    "fields": {
        "product": 14,
        "characteristic": 8,
        "value": "Windows 10 Home"
    }
},
{
    "model": "compare.productcharacteristic",
    "pk": 90,
    "fields": {
        "product": 15,
        "characteristic": 3,
        "value": "Intel Core i3 10100"
    }
},
{
    "model": "compare.productcharacteristic",
    "pk": 91,
    "fields": {
        "product": 15,
        "characteristic": 4,
        "value": "DIMM, DDR4 8192 Мб 2400 МГц"
    }
},
{
    "model": "compare.productcharacteristic",
    "pk": 92,
    "fields": {
        "product": 15,
        "characteristic": 5,
        "value": "NVIDIA GeForce GTX1650 - 4096 Мб"
    }
},
{
    "model": "compare.productcharacteristic",
    "pk": 93,
    "fields": {
        "product": 15,
        "characteristic": 6,
        "value": "1000 Гб, 7200 об/мин, SATA"
    }
},
{
    "model": "compare.productcharacteristic",
    "pk": 94,
    "fields": {
        "product": 15,
        "characteristic": 8,
        "value": "Windows 10"
    }
},
{
    "model": "compare.productcharacteristic",
    "pk": 95,
    "fields": {
        "product": 16,
        "characteristic": 3,
        "value": "Intel Core i5 10400"
    }
},
{
    "model": "compare.productcharacteristic",
    "pk": 96,
    "fields": {
        "product": 16,
        "characteristic": 4,
        "value": "DIMM, DDR4 16384 Мб"
    }
},
{
    "model": "compare.productcharacteristic",
    "pk": 97,
    "fields": {
        "product": 16,
        "characteristic": 5,
        "value": "Intel UHD Graphics 630"
    }
},
{
    "model": "compare.productcharacteristic",
    "pk": 98,
    "fields": {
        "product": 16,
        "characteristic": 7,
        "value": "512 ГБ"
    }
},
{
    "model": "compare.productcharacteristic",
    "pk": 99,
    "fields": {
        "product": 16,
        "characteristic": 8,
        "value": "Endless"
    }
},
{
    "model": "compare.productcharacteristic",
    "pk": 100,
    "fields": {
        "product": 17,
        "characteristic": 3,
        "value": "Intel Core i5 10400"
    }
},
{
    "model": "compare.productcharacteristic",
    "pk": 101,
    "fields": {
        "product": 17,
        "characteristic": 4,
        "value": "DIMM, DDR4 8192 Мб 2666 МГц"
    }
},
{
    "model": "compare.productcharacteristic",
    "pk": 102,
    "fields": {
        "product": 17,
        "characteristic": 5,
        "value": "Intel UHD Graphics 630"
    }
},
{
    "model": "compare.productcharacteristic",
    "pk": 103,
    "fields": {
        "product": 17,
        "characteristic": 7,
        "value": "512 ГБ"
    }
},
{
    "model": "compare.productcharacteristic",
    "pk": 104,
    "fields": {
        "product": 17,
        "characteristic": 8,
        "value": "Linux"
    }
},
{
    "model": "compare.productcharacteristic",
    "pk": 105,
    "fields": {
        "product": 18,
        "characteristic": 3,
        "value": "Intel Core i7 8700"
    }
},
{
    "model": "compare.productcharacteristic",
    "pk": 106,
    "fields": {
        "product": 18,
        "characteristic": 4,
        "value": "DIMM, DDR4 8192 Мб 2400 МГц"
    }
},
{
    "model": "compare.productcharacteristic",
    "pk": 107,
    "fields": {
        "product": 18,
        "characteristic": 5,
        "value": "Intel UHD Graphics 630"
    }
},
{
    "model": "compare.productcharacteristic",
    "pk": 108,
    "fields": {
        "product": 18,
        "characteristic": 7,
        "value": "480 ГБ"
    }
},
{
    "model": "compare.productcharacteristic",
    "pk": 109,
    "fields": {
        "product": 18,
        "characteristic": 8,
        "value": "Free DOS"
    }
},
{
    "model": "compare.productcharacteristic",
    "pk": 110,
    "fields": {
        "product": 19,
        "characteristic": 3,
        "value": "Intel Celeron J4025"
    }
},
{
    "model": "compare.productcharacteristic",
    "pk": 111,
    "fields": {
        "product": 19,
        "characteristic": 4,
        "value": "SO-DIMM, DDR4 4096 Мб 2133 МГц"
    }
},
{
    "model": "compare.productcharacteristic",
    "pk": 112,
    "fields": {
        "product": 19,
        "characteristic": 5,
        "value": "Intel UHD Graphics 600"
    }
},
{
    "model": "compare.productcharacteristic",
    "pk": 113,
    "fields": {
        "product": 19,
        "characteristic": 7,
        "value": "128 ГБ"
    }
},
{
    "model": "compare.productcharacteristic",
    "pk": 114,
    "fields": {
        "product": 19,
        "characteristic": 8,
        "value": "Endless"
    }
},
{
    "model": "compare.productcharacteristic",
    "pk": 115,
    "fields": {
        "product": 20,
        "characteristic": 3,
        "value": "AMD E1 6010"
    }
},
{
    "model": "compare.productcharacteristic",
    "pk": 116,
    "fields": {
        "product": 20,
        "characteristic": 4,
        "value": "DIMM, DDR3 4096 Мб 1600 МГц"
    }
},
{
    "model": "compare.productcharacteristic",
    "pk": 117,
    "fields": {
        "product": 20,
        "characteristic": 5,
        "value": "AMD Radeon R2"
    }
},
{
    "model": "compare.productcharacteristic",
    "pk": 118,
    "fields": {
        "product": 20,
        "characteristic": 7,
        "value": "120 ГБ"
    }
},
{
    "model": "compare.productcharacteristic",
    "pk": 119,
    "fields": {
        "product": 20,
        "characteristic": 8,
        "value": "Windows 10 Home"
    }
},
{
    "model": "compare.productcharacteristic",
    "pk": 120,
    "fields": {
        "product": 21,
        "characteristic": 3,
        "value": "AMD Athlon 3050U"
    }
},
{
    "model": "compare.productcharacteristic",
    "pk": 121,
    "fields": {
        "product": 21,
        "characteristic": 4,
        "value": "DIMM, DDR4 4096 Мб 2400 МГц"
    }
},
{
    "model": "compare.productcharacteristic",
    "pk": 122,
    "fields": {
        "product": 21,
        "characteristic": 5,
        "value": "AMD Radeon Graphics"
    }
},
{
    "model": "compare.productcharacteristic",
    "pk": 123,
    "fields": {
        "product": 21,
        "characteristic": 7,
        "value": "128 ГБ"
    }
},
{
    "model": "compare.productcharacteristic",
    "pk": 124,
    "fields": {
        "product": 21,
        "characteristic": 8,
        "value": "Free DOS 3.0"
    }
},
{
    "model": "compare.productcharacteristic",
    "pk": 125,
    "fields": {
        "product": 22,
        "characteristic": 9,
        "value": "3.5 \""
    }
},
{
    "model": "compare.productcharacteristic",
    "pk": 126,
    "fields": {
        "product": 22,
        "characteristic": 10,
        "value": "2 ТБ"
    }
},
{
    "model": "compare.productcharacteristic",
    "pk": 127,
    "fields": {
        "product": 22,
        "characteristic": 11,
        "value": "SATA III"
    }
},
{
    "model": "compare.productcharacteristic",
    "pk": 128,
    "fields": {
        "product": 23,
        "characteristic": 9,
        "value": "2.5\""
    }
},
{
    "model": "compare.productcharacteristic",
    "pk": 129,
    "fields": {
        "product": 23,
        "characteristic": 10,
        "value": "512ГБ"
    }
},
{
    "model": "compare.productcharacteristic",
    "pk": 130,
    "fields": {
        "product": 23,
        "characteristic": 11,
        "value": "SATA III"
    }
},
{
    "model": "compare.productcharacteristic",
    "pk": 131,
    "fields": {
        "product": 24,
        "characteristic": 9,
        "value": "M.2 2280"
    }
},
{
    "model": "compare.productcharacteristic",
    "pk": 132,
    "fields": {
        "product": 24,
        "characteristic": 10,
        "value": "500ГБ"
    }
},
{
    "model": "compare.productcharacteristic",
    "pk": 133,
    "fields": {
        "product": 24,
        "characteristic": 11,
        "value": "PCI-E x4"
    }
},
{
    "model": "compare.productcharacteristic",
    "pk": 134,
    "fields": {
        "product": 25,
        "characteristic": 1,
        "value": "27 \""
    }
},
{
    "model": "compare.productcharacteristic",
    "pk": 135,
    "fields": {
        "product": 25,
        "characteristic": 2,
        "value": "3840x2160"
    }
},
{
    "model": "compare.productcharacteristic",
    "pk": 136,
    "fields": {
        "product": 25,
        "characteristic": 13,
        "value": "60 Гц"
    }
},
{
    "model": "compare.productcharacteristic",
    "pk": 137,
    "fields": {
        "product": 25,
        "characteristic": 12,
        "value": "IPS"
    }
},
{
    "model": "compare.productcharacteristic",
    "pk": 138,
    "fields": {
        "product": 26,
        "characteristic": 1,
        "value": "23.8 \""
    }
},
{
    "model": "compare.productcharacteristic",
    "pk": 139,
    "fields": {
        "product": 26,
        "characteristic": 2,
        "value": "1920x1080"
    }
},
{
    "model": "compare.productcharacteristic",
    "pk": 140,
    "fields": {
        "product": 26,
        "characteristic": 13,
        "value": "75 Гц"
    }
},
{
    "model": "compare.productcharacteristic",
    "pk": 141,
    "fields": {
        "product": 26,
        "characteristic": 12,
        "value": "VA"
    }
},
{
    "model": "compare.productcharacteristic",
    "pk": 142,
    "fields": {
        "product": 27,
        "characteristic": 1,
        "value": "27 \""
    }
},
{
    "model": "compare.productcharacteristic",
    "pk": 143,
    "fields": {
        "product": 27,
        "characteristic": 2,
        "value": "1920x1080"
    }
},
{
    "model": "compare.productcharacteristic",
    "pk": 144,
    "fields": {
        "product": 27,
        "characteristic": 13,
        "value": "144 Гц"
    }
},
{
    "model": "compare.productcharacteristic",
    "pk": 145,
    "fields": {
        "product": 27,
        "characteristic": 13,
        "value": "VA"
    }
},
{
    "model": "compare.productcharacteristic",
    "pk": 146,
    "fields": {
        "product": 28,
        "characteristic": 14,
        "value": "струйный"
    }
},
{
    "model": "compare.productcharacteristic",
    "pk": 147,
    "fields": {
        "product": 28,
        "characteristic": 15,
        "value": "A4"
    }
},
{
    "model": "compare.productcharacteristic",
    "pk": 148,
    "fields": {
        "product": 28,
        "characteristic": 16,
        "value": "до 20 стр/мин, формата А4"
    }
},
{
    "model": "compare.productcharacteristic",
    "pk": 149,
    "fields": {
        "product": 29,
        "characteristic": 14,
        "value": "струйный"
    }
},
{
    "model": "compare.productcharacteristic",
    "pk": 150,
    "fields": {
        "product": 29,
        "characteristic": 15,
        "value": "A4"
    }
},
{
    "model": "compare.productcharacteristic",
    "pk": 151,
    "fields": {
        "product": 29,
        "characteristic": 16,
        "value": "до 15 стр/мин, формата А4"
    }
},
{
    "model": "compare.productcharacteristic",
    "pk": 152,
    "fields": {
        "product": 30,
        "characteristic": 14,
        "value": "струйный"
    }
},
{
    "model": "compare.productcharacteristic",
    "pk": 153,
    "fields": {
        "product": 30,
        "characteristic": 15,
        "value": "A3+"
    }
},
{
    "model": "compare.productcharacteristic",
    "pk": 154,
    "fields": {
        "product": 30,
        "characteristic": 16,
        "value": "до 29 стр/мин, формата А4"
    }
},
{
    "model": "compare.productcharacteristic",
    "pk": 155,
    "fields": {
        "product": 31,
        "characteristic": 11,
        "value": "USB"
    }
},
{
    "model": "compare.productcharacteristic",
    "pk": 156,
    "fields": {
        "product": 32,
        "characteristic": 11,
        "value": "USB"
    }
},
{
    "model": "compare.productcharacteristic",
    "pk": 157,
    "fields": {
        "product": 33,
        "characteristic": 11,
        "value": "USB 3.0"
    }
},
{
    "model": "compare.productcharacteristic",
    "pk": 158,
    "fields": {
        "product": 33,
        "characteristic": 17,
        "value": "5000 dpi"
    }
},
{
    "model": "compare.productcharacteristic",
    "pk": 159,
    "fields": {
        "product": 34,
        "characteristic": 11,
        "value": "Bluetooth"
    }
},
{
    "model": "compare.productcharacteristic",
    "pk": 160,
    "fields": {
        "product": 34,
        "characteristic": 17,
        "value": "1000 dpi"
    }
},
{
    "model": "compare.productcharacteristic",
    "pk": 161,
    "fields": {
        "product": 35,
        "characteristic": 18,
        "value": "1920 х 1080"
    }
},
{
    "model": "compare.productcharacteristic",
    "pk": 162,
    "fields": {
        "product": 35,
        "characteristic": 11,
        "value": "USB2.0"
    }
},
{
    "model": "compare.productcharacteristic",
    "pk": 163,
    "fields": {
        "product": 36,
        "characteristic": 18,
        "value": "1280 х 720"
    }
},
{
    "model": "compare.productcharacteristic",
    "pk": 164,
    "fields": {
        "product": 36,
        "characteristic": 11,
        "value": "USB2.0"
    }
},
{
    "model": "compare.productcharacteristic",
    "pk": 165,
    "fields": {
        "product": 37,
        "characteristic": 18,
        "value": "1920 х 1080"
    }
},
{
    "model": "compare.productcharacteristic",
    "pk": 166,
    "fields": {
        "product": 37,
        "characteristic": 11,
        "value": "USB2.0"
    }
},
{
    "model": "compare.productcharacteristic",
    "pk": 167,
    "fields": {
        "product": 38,
        "characteristic": 9,
        "value": "Rack"
    }
},
{
    "model": "compare.productcharacteristic",
    "pk": 168,
    "fields": {
        "product": 38,
        "characteristic": 3,
        "value": "Intel Xeon"
    }
},
{
    "model": "compare.productcharacteristic",
    "pk": 169,
    "fields": {
        "product": 38,
        "characteristic": 4,
        "value": "DDR4 1 x 16 ГБ"
    }
},
{
    "model": "compare.productcharacteristic",
    "pk": 170,
    "fields": {
        "product": 38,
        "characteristic": 6,
        "value": "2 х 240 ГБ"
    }
},
{
    "model": "compare.productcharacteristic",
    "pk": 171,
    "fields": {
        "product": 39,
        "characteristic": 9,
        "value": "Tower"
    }
},
{
    "model": "compare.productcharacteristic",
    "pk": 172,
    "fields": {
        "product": 39,
        "characteristic": 3,
        "value": "Intel Core i3"
    }
},
{
    "model": "compare.productcharacteristic",
    "pk": 173,
    "fields": {
        "product": 39,
        "characteristic": 4,
        "value": "DDR4 1 x 16 ГБ"
    }
},
{
    "model": "compare.productcharacteristic",
    "pk": 174,
    "fields": {
        "product": 39,
        "characteristic": 6,
        "value": "2 х 1 ТБ"
    }
},
{
    "model": "compare.productcharacteristic",
    "pk": 175,
    "fields": {
        "product": 40,
        "characteristic": 9,
        "value": "Tower"
    }
},
{
    "model": "compare.productcharacteristic",
    "pk": 176,
    "fields": {
        "product": 40,
        "characteristic": 3,
        "value": "Intel Pentium"
    }
},
{
    "model": "compare.productcharacteristic",
    "pk": 177,
    "fields": {
        "product": 40,
        "characteristic": 4,
        "value": "DDR4 1 x 16 ГБ"
    }
}
]
