[
  {
    "model": "main.category",
    "pk": 1,
    "fields": {
      "name": "Laptops",
      "is_active": true,
      "parent_category": null,
      "sort_index": 0,
      "img": "category_images/7.svg"
    }
  },
  {
    "model": "main.category",
    "pk": 2,
    "fields": {
      "name": "Gaming laptops",
      "is_active": true,
      "parent_category": 1,
      "sort_index": 0,
      "img": "category_images/10.svg"
    }
  },
  {
    "model": "main.category",
    "pk": 3,
    "fields": {
      "name": "MacBooks",
      "is_active": true,
      "parent_category": 1,
      "sort_index": 1,
      "img": "category_images/8.svg"
    }
  },
  {
    "model": "main.category",
    "pk": 4,
    "fields": {
      "name": "Office laptops",
      "is_active": true,
      "parent_category": 1,
      "sort_index": 2,
      "img": "category_images/9.svg"
    }
  },
  {
    "model": "main.category",
    "pk": 5,
    "fields": {
      "name": "Microsoft Surface Laptops",
      "is_active": true,
      "parent_category": 1,
      "sort_index": 3,
      "img": "category_images/11.svg"
    }
  },
  {
    "model": "main.category",
    "pk": 6,
    "fields": {
      "name": "Chromebooks",
      "is_active": true,
      "parent_category": 1,
      "sort_index": 4,
      "img": "category_images/4.svg"
    }
  },
  {
    "model": "main.category",
    "pk": 7,
    "fields": {
      "name": "Desktops",
      "is_active": true,
      "parent_category": null,
      "sort_index": 1,
      "img": "category_images/1.svg"
    }
  },
  {
    "model": "main.category",
    "pk": 8,
    "fields": {
      "name": "Gaming desktops",
      "is_active": true,
      "parent_category": 7,
      "sort_index": 0,
      "img": "category_images/7_2VDyzyL.svg"
    }
  },
  {
    "model": "main.category",
    "pk": 9,
    "fields": {
      "name": "Office desktops",
      "is_active": true,
      "parent_category": 7,
      "sort_index": 1,
      "img": "category_images/3.svg"
    }
  },
  {
    "model": "main.category",
    "pk": 10,
    "fields": {
      "name": "Cheap desktops",
      "is_active": true,
      "parent_category": 7,
      "sort_index": 2,
      "img": "category_images/4_jMuSksn.svg"
    }
  },
  {
    "model": "main.category",
    "pk": 11,
    "fields": {
      "name": "HDD and SSD",
      "is_active": true,
      "parent_category": null,
      "sort_index": 2,
      "img": "category_images/5.svg"
    }
  },
  {
    "model": "main.category",
    "pk": 12,
    "fields": {
      "name": "Monitors",
      "is_active": true,
      "parent_category": null,
      "sort_index": 3,
      "img": "category_images/1_I9ptvm9.svg"
    }
  },
  {
    "model": "main.category",
    "pk": 13,
    "fields": {
      "name": "Printers",
      "is_active": true,
      "parent_category": null,
      "sort_index": 4,
      "img": "category_images/9_iqtHm5w.svg"
    }
  },
  {
    "model": "main.category",
    "pk": 14,
    "fields": {
      "name": "Mice & Keyboards",
      "is_active": true,
      "parent_category": null,
      "sort_index": 5,
      "img": "category_images/10_Ocb9eJ1.svg"
    }
  },
  {
    "model": "main.category",
    "pk": 15,
    "fields": {
      "name": "Web cameras",
      "is_active": true,
      "parent_category": null,
      "sort_index": 6,
      "img": "category_images/6.svg"
    }
  },
  {
    "model": "main.category",
    "pk": 16,
    "fields": {
      "name": "Servers",
      "is_active": true,
      "parent_category": null,
      "sort_index": 7,
      "img": "category_images/3_1x0YGvH.svg"
    }
  },
  {
    "model": "main.category",
    "pk": 17,
    "fields": {
      "name": "Accessories",
      "is_active": true,
      "parent_category": null,
      "sort_index": 8,
      "img": "category_images/11_fJw0B7G.svg"
    }
  },
  {
    "model": "main.category",
    "pk": 18,
    "fields": {
      "name": "Headphones",
      "is_active": true,
      "parent_category": 17,
      "sort_index": 0,
      "img": "category_images/2.svg"
    }
  },
  {
    "model": "main.product",
    "pk": 1,
    "fields": {
      "name": "Ноутбук LENOVO IP Gaming 3 15ARH05",
      "slug": "noutbuk-lenovo-gaming-3-15arh05",
      "category": 2,
      "img": "product_images/1377515_v01_b.jpeg",
      "description": "Игровой ноутбук LENOVO IP Gaming 3 15ARH05, выполненный в прочном корпусе из высококачественного пластика в классическом черном цветовом решении, адресован, в первую очередь, геймерам, но может использоваться не только для игры. Обладая широкими возможностями, он отлично справится с любыми поставленными задачами. Прекрасно работает в режиме многозадачности, характеризуется высокой скоростью выполнения операций.",
      "is_active": true,
      "sells": 0,
      "released": "2021-08-07T06:37:57.059Z",
      "sort_index": 0
    }
  },
  {
    "model": "main.product",
    "pk": 2,
    "fields": {
      "name": "Ноутбук ACER Aspire 7 A715-75G-77DE",
      "slug": "noutbuk-acer-aspire-7-a715-75g-77de",
      "category": 2,
      "img": "product_images/1217396_v01_b.jpeg",
      "description": "Оптимальным вариантом и для дома, и для офиса является ноутбук ACER Aspire 7 A715-75G-77DE. Данная модель обладает хорошим функционалом и компактным корпусом, который способен разместиться на любом ограниченном пространстве. Процессор Intel Core i7 9750H обеспечивает высокую продуктивность в условиях многозадачности и эффективное управление параллельными рабочими процессами.",
      "is_active": true,
      "sells": 0,
      "released": "2021-08-07T06:44:23.987Z",
      "sort_index": 0
    }
  },
  {
    "model": "main.product",
    "pk": 3,
    "fields": {
      "name": "Ноутбук ASUS TUF Gaming FX506QM-HN051T",
      "slug": "noutbuk-asus-tuf-gaming-fx506qm-hn051t",
      "category": 2,
      "img": "product_images/1473723_v01_b.jpeg",
      "description": "Ноутбук TUF Gaming A15, работающий на базе операционной системы Windows 10 Pro, представляет собой стильную и надежную геймерскую платформу, которая поможет добиться успеха в любой игре. В его аппаратную конфигурацию входит новая видеокарта GeForce RTX 3070, обеспечивающая плавное изображение на дисплее с частотой обновления 240 Гц, который способен показывать все оттенки цветового пространства sRGB. Мощный процессор AMD Ryzen 7 гарантирует быструю работу в широком спектре задач, а усовершенствованная система охлаждения помогает поддерживать его производительность на высоком уровне при минимальном уровне шума. Ноутбук TUF Gaming A15 отвечает военно-промышленному стандарту надежности и наделен аккумулятором высокой емкости (90 Вт·ч), что делает его прекрасным выбором для геймеров, которые постоянно находятся в движении.",
      "is_active": true,
      "sells": 0,
      "released": "2021-08-07T06:56:22.450Z",
      "sort_index": 0
    }
  },
  {
    "model": "main.product",
    "pk": 4,
    "fields": {
      "name": "Ноутбук APPLE MacBook Air M1 13.3\"",
      "slug": "noutbuk-apple-macbook-air-13-3-ips-apple-m1",
      "category": 3,
      "img": "product_images/1451527_v01_b.jpeg",
      "description": "Уникальными технологиями и невероятной производительностью отличается ноутбук APPLE MacBook Air M1. Его главным преимуществом является инновационный восьмиядерный процессор Apple M1, который отвечает за высокую вычислительную мощность для работы с самыми сложными проектами. Плавную работу с моментальным откликом на пользовательские действия обеспечивает оперативная память объемом 8 Гб.",
      "is_active": true,
      "sells": 0,
      "released": "2021-08-07T07:01:30.567Z",
      "sort_index": 0
    }
  },
  {
    "model": "main.product",
    "pk": 5,
    "fields": {
      "name": "Ноутбук APPLE MacBook Pro M1 13.3\"",
      "slug": "noutbuk-apple-macbook-pro-13-3-ips-apple-m1",
      "category": 3,
      "img": "product_images/1451580_v01_b.jpeg",
      "description": "Настоящим флагманом среди современных персональных устройств является ноутбук APPLE MacBook Pro M1. Он оснащен инновационным процессором Apple M1 на базе восьми ядер, который обеспечивает невероятную производительность для работы с профессиональными приложениями и мультимедийных процессов. Моментальный отклик системы на ваши запросы обеспечивает оперативная память объемом 16 Гб.",
      "is_active": true,
      "sells": 0,
      "released": "2021-08-07T07:04:15.010Z",
      "sort_index": 0
    }
  },
  {
    "model": "main.product",
    "pk": 6,
    "fields": {
      "name": "Ноутбук APPLE MacBook Pro 16\"",
      "slug": "noutbuk-apple-macbook-pro-16",
      "category": 3,
      "img": "product_images/1436479_v01_b.jpeg",
      "description": "Производитель оснастил ноутбук APPLE MacBook Pro 16\" IPS-матрицей. Это обеспечивает быстрый отклик на пользовательские действия. Диагональ экрана равна 16 дюймам, а максимальное его разрешение составляет 3072х1920 пикселей. За высокий уровень производительности отвечает восьмиядерный процессор Intel Core i9 9880H.",
      "is_active": true,
      "sells": 0,
      "released": "2021-08-07T07:07:38.419Z",
      "sort_index": 0
    }
  },
  {
    "model": "main.product",
    "pk": 7,
    "fields": {
      "name": "Ультрабук HONOR MagicBook Pro HLYL-WFQ9",
      "slug": "ultrabuk-honor-magicbook-pro-hlyl-wfq9",
      "category": 4,
      "img": "product_images/1411752_v01_b.jpeg",
      "description": "Невероятно тонким, легким и стильным устройством является ультрабук HONOR MagicBook Pro HLYL-WFQ9. Мощный процессор AMD Ryzen 5 4600H обеспечивает высочайшую производительность для эффективного решения офисных, повседневных и мультимедийных задач.",
      "is_active": true,
      "sells": 0,
      "released": "2021-08-07T07:16:09.016Z",
      "sort_index": 0
    }
  },
  {
    "model": "main.product",
    "pk": 8,
    "fields": {
      "name": "Ноутбук ASUS VivoBook E410MA-EB023T",
      "slug": "noutbuk-asus-vivobook-e410ma-eb023t",
      "category": 4,
      "img": "product_images/1455127_v01_b.jpeg",
      "description": "Оптимальным решением как для офисного, так и домашнего использования является ноутбук ASUS VivoBook E410MA-EB023T. Эта модель одинаково эффективно справляется с решением повседневных, офисных и мультимедийных задач, благодаря надежному четырехъядерному процессору Intel Pentium Silver N5030. Стабильную работу в многозадачном режиме и быстрый отклик системы обеспечивает оперативная память объемом 4 Гб.",
      "is_active": true,
      "sells": 0,
      "released": "2021-08-07T07:19:05.085Z",
      "sort_index": 0
    }
  },
  {
    "model": "main.product",
    "pk": 9,
    "fields": {
      "name": "Ноутбук HUAWEI MateBook D 16 HVY-WAP9",
      "slug": "noutbuk-huawei-matebook-d-16-hvy-wap9",
      "category": 4,
      "img": "product_images/1484254_v01_b.jpeg",
      "description": "Прочный и надежный шестиядерный ноутбук HUAWEI MateBook D 16 HVY-WAP9 позволяет эффективно решать множество повседневных задач. Может использоваться для работы в офисе, домашних условиях, в деловых поездках. Имеет вес 1.7 кг, выполнен в прочном, легком алюминиевом корпусе серого цвета. Он придется по душе широкому кругу пользователей. Отлично работает в режиме многозадачности. Процессор AMD Ryzen 5 4600H, 16 Гб оперативной памяти и интегрированная видеокарта AMD Radeon позволяют использовать программы для работы и контент различного формата.",
      "is_active": true,
      "sells": 0,
      "released": "2021-08-07T07:22:37.243Z",
      "sort_index": 0
    }
  },
  {
    "model": "main.product",
    "pk": 10,
    "fields": {
      "name": "Планшет Microsoft Surface Go 2 Pentium 8Gb 128Gb",
      "slug": "product--planshet-microsoft-surface-go-2-pentium-8",
      "category": 5,
      "img": "product_images/orig.png",
      "description": "Планшет Microsoft Surface Go 2 Pentium 8Gb 128Gb",
      "is_active": true,
      "sells": 0,
      "released": "2021-08-08T06:45:58.896Z",
      "sort_index": 0
    }
  },
  {
    "model": "main.product",
    "pk": 11,
    "fields": {
      "name": "Планшет Microsoft Surface Pro 7 Intel Core i5 8GB/128GB",
      "slug": "product--planshet-microsoft-surface-pro-7-intel-co",
      "category": 5,
      "img": "product_images/orig.jpeg",
      "description": "Планшет Microsoft Surface Pro 7 Intel Core i5 8GB/128GB",
      "is_active": true,
      "sells": 0,
      "released": "2021-08-08T06:49:07.217Z",
      "sort_index": 0
    }
  },
  {
    "model": "main.product",
    "pk": 12,
    "fields": {
      "name": "Планшет Microsoft Surface Pro X MSQ2 16Gb 256Gb",
      "slug": "product--planshet-microsoft-surface-pro-x-msq2-16g",
      "category": 5,
      "img": "product_images/orig_1.jpeg",
      "description": "Планшет Microsoft Surface Pro X MSQ2 16Gb 256Gb",
      "is_active": true,
      "sells": 0,
      "released": "2021-08-08T06:52:03.655Z",
      "sort_index": 0
    }
  },
  {
    "model": "main.product",
    "pk": 13,
    "fields": {
      "name": "Компьютер HP Pavilion TG01-1005ur",
      "slug": "pk-hp-pavilion-tg01-1005ur-mt-i5-10400f",
      "category": 8,
      "img": "product_images/1380610_v01_b.jpeg",
      "description": "Представленный на этой странице компьютер HP Pavilion TG01-1005ur подойдет как для дома, так и для офиса. За производительность тут отвечает шестиядерный процессор Intel Core i5 10400F с частотой 2.9 ГГц в обычном режиме и 4.3 ГГц в Turbo режиме. Чипсет материнской платы здесь Intel H470. За быстродействие отвечает оперативная память объемом 8 Гб. Дискретный видеоадаптер NVIDIA GeForce GTX 1650 отвечает за высококлассное изображение.",
      "is_active": true,
      "sells": 0,
      "released": "2021-08-08T06:58:02.154Z",
      "sort_index": 0
    }
  },
  {
    "model": "main.product",
    "pk": 14,
    "fields": {
      "name": "Компьютер IRU Game 527",
      "slug": "pk-iru-game-527",
      "category": 8,
      "img": "product_images/1492013_v01_b.jpeg",
      "description": "Наслаждайтесь быстродействием компьютера IRU Game 527 с SSD накопителем объемом 240 Гб и жестким диском объемом 1024 Гб. Корпус представлен в классическом черном цвете и лаконичном дизайне. Восьмиядерный процессор AMD Ryzen 7 2700 обеспечивает высокую производительность устройства и позволяет комфортно работать в многозадачном режиме с ресурсоемкими программами. Внутренний блок питания обладает мощностью 500 Вт. На компьютере установлена операционная система Windows 10 Home.",
      "is_active": true,
      "sells": 0,
      "released": "2021-08-08T07:00:30.999Z",
      "sort_index": 0
    }
  },
  {
    "model": "main.product",
    "pk": 15,
    "fields": {
      "name": "Компьютер ACER Aspire TC-895",
      "slug": "pk-acer-aspire-tc-895",
      "category": 8,
      "img": "product_images/1408305_v01_b.jpeg",
      "description": "Компьютер ACER Aspire TC-895 выполнен в привлекательном корпусе черного цвета. При этом данное устройство обладает широким спектром возможностей для продуктивной рабочей деятельности и развлечений. Высокий уровень производительности достигается за счет процессора Intel Core i3 10100, видеокарты NVIDIA GeForce GTX1650 и оперативной памяти объемом 8 Гб. Жесткий диск рассчитан на хранение данных объемом до 1000 Гб.",
      "is_active": true,
      "sells": 0,
      "released": "2021-08-08T07:02:47.143Z",
      "sort_index": 0
    }
  },
  {
    "model": "main.product",
    "pk": 16,
    "fields": {
      "name": "Компьютер ACER Aspire XC-895",
      "slug": "kompyuter-acer-aspire-xc-895",
      "category": 9,
      "img": "product_images/1481501_v01_b.jpeg",
      "description": "ТЕХНИЧЕСКИЕ ХАРАКТЕРИСТИКИ МОГУТ РАЗЛИЧАТЬСЯ В ЗАВИСИМОСТИ ОТ МОДЕЛИ И (ИЛИ) РЕГИОНА. ВСЕ МОДЕЛИ ПОСТАВЛЯЮТСЯ, ПОКА ИМЕЮТСЯ В НАЛИЧИИ.",
      "is_active": true,
      "sells": 0,
      "released": "2021-08-08T07:08:16.005Z",
      "sort_index": 0
    }
  },
  {
    "model": "main.product",
    "pk": 17,
    "fields": {
      "name": "Компьютер DELL Vostro 3681",
      "slug": "pk-dell-vostro-3681",
      "category": 9,
      "img": "product_images/1412307_v01_b.jpeg",
      "description": "Для решения офисных и мультимедийных задач оптимальным выбором является компьютер DELL Vostro 3681. Эта модель представлена в компактном корпусе типа small form factor с внутренним блоком питания, который способен разместиться на ограниченном пространстве. За высокую производительность отвечает процессор Intel Core i5 10400. Оперативная память объемом 8 Гб способствует быстрому отклику системы на ваши действия.",
      "is_active": true,
      "sells": 0,
      "released": "2021-08-08T07:10:27.238Z",
      "sort_index": 0
    }
  },
  {
    "model": "main.product",
    "pk": 18,
    "fields": {
      "name": "Компьютер IRU Office 317",
      "slug": "kompyuter-iru-office-317",
      "category": 9,
      "img": "",
      "description": "Производительный компьютер IRU Office 317 станет идеальным выбором для домашнего использования и работы в офисе. Он обладает многочисленными преимуществами, среди которых, например, можно выделить наличие операционной системы Free DOS. Она избавит пользователя от необходимости покупать и устанавливать ОС самостоятельно. Ну а благодаря графическому адаптеру Intel UHD Graphics 630, обеспечено высокое качество картинки.",
      "is_active": true,
      "sells": 0,
      "released": "2021-08-08T07:12:25.321Z",
      "sort_index": 0
    }
  },
  {
    "model": "main.product",
    "pk": 19,
    "fields": {
      "name": "Компьютер ACER Aspire XC-830",
      "slug": "pk-acer-aspire-xc-830",
      "category": 10,
      "img": "product_images/1383066_v01_b.jpeg",
      "description": "Стильный дизайн с острыми гранями и лаконичный черный цвет корпуса компьютера ACER Aspire XC-830 притягивают к себе восхищенные взгляды покупателей. Помимо шикарного дизайна, модель обладает отличным функционалом. Производитель снабдил устройство процессором Intel Celeron J4025 и оперативной памятью на 4096 Мб, которые обеспечивают высокую производительность даже при высоких нагрузках. Также имеется встроенная современная видеокарта Intel UHD Graphics 600.",
      "is_active": true,
      "sells": 0,
      "released": "2021-08-08T07:15:12.262Z",
      "sort_index": 0
    }
  },
  {
    "model": "main.product",
    "pk": 20,
    "fields": {
      "name": "Компьютер IRU Home 120",
      "slug": "pk-iru-home-120",
      "category": 10,
      "img": "product_images/1488171_v01_b.jpeg",
      "description": "Повышайте эффективность работы вместе с компьютером IRU Home 120 с SSD накопителем объемом 120 Гб. Двухъядерный процессор AMD E1 6010 обеспечивает высокую производительность устройства и позволяет комфортно работать в многозадачном режиме с ресурсоемкими программами. На компьютере установлена операционная система Windows 10 Home: универсальность, надежность, доступный интерфейс. Вес в 7 кг упрощает транспортировку компьютера. Корпус выполнен в классическом черном цвете.",
      "is_active": true,
      "sells": 0,
      "released": "2021-08-08T07:17:30.437Z",
      "sort_index": 0
    }
  },
  {
    "model": "main.product",
    "pk": 21,
    "fields": {
      "name": "Компьютер HP Slimline S01-aF0002ur",
      "slug": "pk-hp-slimline-s01-af0002ur",
      "category": 10,
      "img": "product_images/1380590_v01_b.jpeg",
      "description": "бладающий привлекательной стоимостью компьютер HP Slimline S01-aF0002ur окажется лучшим помощником в учебе, работе и отдыхе. Он имеет гарантийный срок продолжительностью 12 месяцев. Его вес равен 3.02 кг, а размеры отличаются относительной компактностью и составляют 95 х 270 х 303 мм. Производитель оснастил рассматриваемую модель внешним блоком питания мощностью 65 Вт. Компьютер сделан в черном цвете.",
      "is_active": true,
      "sells": 0,
      "released": "2021-08-08T07:19:33.046Z",
      "sort_index": 0
    }
  },
  {
    "model": "main.product",
    "pk": 22,
    "fields": {
      "name": "Жесткий диск WD Red WD20EFAX",
      "slug": "zhestkii-disk-wd-red-wd20efax",
      "category": 11,
      "img": "product_images/1159443_v01_b.jpeg",
      "description": "Жесткий диск WD Red WD20EFAX разработан специально для работы в сложных условиях системы NAS. Он оснащен технологией NASware 3.0. Форм-фактор диска 3.5 дюйма и подходит он к большинству современных компьютеров. Большая вместительность в 2 Тб позволяет хранить множество информации. При этом буферная память имеет объем 256 Мб.",
      "is_active": true,
      "sells": 0,
      "released": "2021-08-08T07:23:05.230Z",
      "sort_index": 0
    }
  },
  {
    "model": "main.product",
    "pk": 23,
    "fields": {
      "name": "SSD Накопитель SAMSUNG 860 Pro MZ-76P512BW",
      "slug": "ssd-nakopitel-samsung-860-pro-mz-76p512bw",
      "category": 11,
      "img": "product_images/1035043_v01_b.jpeg",
      "description": "SD-накопитель SAMSUNG 860 Pro MZ-76P512BW емкостью 512 Гб – надежный SSD для ноутбука и десктопа. Универсальный форм-фактор обеспечивает совместимость с техникой любого производителя. Качественные комплектующие служат залогом долговечности и надежности. Недаром производитель гарантирует 5 лет работы или 2 миллиона часов на отказ.",
      "is_active": true,
      "sells": 0,
      "released": "2021-08-08T07:27:07.754Z",
      "sort_index": 0
    }
  },
  {
    "model": "main.product",
    "pk": 24,
    "fields": {
      "name": "SSD накопитель WD Blue SN550 WDS500G2B0C",
      "slug": "ssd-nakopitel-wd-blue-sn550-wds500g2b0c",
      "category": 11,
      "img": "product_images/1182345_v01_b.jpeg",
      "description": "Повысить производительность вашего персонального компьютера или осуществить его модернизацию позволит SSD-накопитель WD Blue SN550 WDS500G2B0C. Благодаря интерфейсу PCI-E х4 и поддержке NVMe гарантируется быстродействие системы и скорость передачи данных. Кроме того, наличие накопителя ускоряет время запуска приложений и всей системы.",
      "is_active": true,
      "sells": 0,
      "released": "2021-08-08T07:29:02.505Z",
      "sort_index": 0
    }
  },
  {
    "model": "main.product",
    "pk": 25,
    "fields": {
      "name": "Монитор VIEWSONIC VP2768-4K",
      "slug": "monitor-viewsonic-vp2768-4k",
      "category": 12,
      "img": "product_images/1104526_v01_b.jpeg",
      "description": "Практически полностью избавиться от рамок монитора VIEWSONIC VP2768-4K позволило применение матрицы IPS с разрешением 2560х1440. Поворотный механизм экрана, установленный в его подставку, позволяет развернуть его так, как вам удобнее. Подставка выполнена с красивым оформлением и надежно фиксирует устройство на любой поверхности.",
      "is_active": true,
      "sells": 0,
      "released": "2021-08-08T07:33:37.234Z",
      "sort_index": 0
    }
  },
  {
    "model": "main.product",
    "pk": 26,
    "fields": {
      "name": "Монитор SUNWIND SUN-M24BF100",
      "slug": "monitor-sunwind-24-sun-m24bf100",
      "category": 12,
      "img": "product_images/1406078_v01_b.jpeg",
      "description": "Современный дизайн и инновационные технологии гармонично переплелись в мониторе SUNWIND SUN-M24BF100 диагональю 24 дюйма. Светодиодная подсветка ЖК-панели в сочетании с VA матрицей отвечают за контрастность и цветопередачу изображения. Для подключения устройств предусмотрены разъемы HDMI и D-Sub. Поскольку модель поддерживает формат FULL HD, вы сможете смотреть любимые сериалы в хорошем качестве.",
      "is_active": true,
      "sells": 0,
      "released": "2021-08-08T07:37:06.412Z",
      "sort_index": 0
    }
  },
  {
    "model": "main.product",
    "pk": 27,
    "fields": {
      "name": "Монитор игровой SAMSUNG F27G33TFWI",
      "slug": "monitor-igrovoi-samsung-f27g33tfwi",
      "category": 12,
      "img": "product_images/1478504_v01_b.jpeg",
      "description": "Полностью погрузиться в происходящее на экране позволяет монитор игровой SAMSUNG F27G33TFWI. Эта 27-дюймовая модель с тонкими рамками и широкими углами обзора обеспечивает четкое отображение мельчайших деталей. Максимальную яркость и контрастность картинки обеспечивает матрица VA. Благодаря поддержке HDTV вы сможете наслаждаться просмотром фильмов в FULL HD (1080p) качестве.",
      "is_active": true,
      "sells": 0,
      "released": "2021-08-08T07:39:12.477Z",
      "sort_index": 0
    }
  },
  {
    "model": "main.product",
    "pk": 28,
    "fields": {
      "name": "Принтер струйный HP OfficeJet 202",
      "slug": "printer-struinyi-hp-officejet-202",
      "category": 13,
      "img": "product_images/376430_v01_b.jpeg",
      "description": "Принтер HP OfficeJet 202 – устройство в элегантном черном корпусе из прочного пластика, представляющее собой удачное сочетание доступной стоимости и отменного качества. Модель поддерживает прямую печать с цифровых камер и выдерживает нагрузку до 500 листов формата А4 ежемесячно. Также на принтере HP OfficeJet 202 можно получать цветные фотографии, карточки и конверты. Скорость работы прибора достигает 20 черно-белых страниц в минуту и 19 цветных листов в формате А4. Надежным образец делают стандартный объем оперативной памяти 128 Мб и частота процессора 525 МГц. В число его особенностей входят наличие аккумуляторной батареи и интерфейса Wi-Fi. Также настольная компактная модель располагает встроенным жидкокристаллическим дисплеем 2 дюйма по диагонали.",
      "is_active": true,
      "sells": 0,
      "released": "2021-08-08T07:43:22.063Z",
      "sort_index": 0
    }
  },
  {
    "model": "main.product",
    "pk": 29,
    "fields": {
      "name": "Принтер струйный CANON Pixma TS704",
      "slug": "printer-struinyi-canon-pixma-ts704",
      "category": 13,
      "img": "product_images/1124228_v01_b.jpeg",
      "description": "Многофункциональный принтер струйный CANON Pixma TS704 - это незаменимая вещь, которая справится с любыми задачами. Данная модель поддерживает печать на глянцевых поверхностях, конвертах, а также вы сможете напечатать фотографии. Для работы с принтером не требуется специальных навыков и дополнительного оборудования. На ярком дисплее отображаются все необходимые параметры. A используя USB разъем и Wi-Fi интерфейс вы сможете подключить сторонние устройства и осуществлять печать с них.",
      "is_active": true,
      "sells": 0,
      "released": "2021-08-08T07:45:12.172Z",
      "sort_index": 0
    }
  },
  {
    "model": "main.product",
    "pk": 30,
    "fields": {
      "name": "Принтер струйный EPSON Expression Photo HD XP-15000",
      "slug": "printer-struinyi-epson-expression-photo-hd-xp-1500",
      "category": 13,
      "img": "product_images/1081162_v01_b.jpeg",
      "description": "Чтобы напечатать фотографии, распечатать необходимые документы и многое другое, используйте принтер струйный EPSON Expression Photo HD XP-15000. Это незаменимое устройство, которое обеспечивает корректную работу. Он отлично подходит как для дома, так и для офисов. Вы сможете напечатать до 29 страниц в минуту. Используя USB-разъем, можно подключить дополнительные устройства, такие как смартфоны, планшет или ПК. Данная модель имеет струйную технологию печати.",
      "is_active": true,
      "sells": 0,
      "released": "2021-08-08T07:47:05.882Z",
      "sort_index": 0
    }
  },
  {
    "model": "main.product",
    "pk": 31,
    "fields": {
      "name": "Клавиатура MSI GK50 ELITE RU",
      "slug": "klaviatura-msi-gk50-elite-ru",
      "category": 14,
      "img": "product_images/1403370_v01_b.jpeg",
      "description": "Классическая клавиатура MSI GK50 ELITE RU для геймеров обладает всеми необходимыми опытному пользователю свойствами: есть мультимедийные клавиши, подсветка, механический переключатель типа Blue. Квадратная форма клавиш с буквами белого цвета комфортна и привычна для всех пользователей.",
      "is_active": true,
      "sells": 0,
      "released": "2021-08-08T07:52:37.790Z",
      "sort_index": 0
    }
  },
  {
    "model": "main.product",
    "pk": 32,
    "fields": {
      "name": "Клавиатура A4TECH Fstyler FK15",
      "slug": "klaviatura-a4tech-fstyler-fk15",
      "category": 14,
      "img": "product_images/1431331_v01_b.jpeg",
      "description": "Клавиатура A4TECH Fstyler FK15 – надежный помощник в решении офисных и развлекательных задач. Клавиатура представлена в черном цвете и классическом дизайне, поэтому гармонично смотрится с любой техникой.\r\n\r\nВыдвижные ножки с прорезиненным покрытием, которые препятствуют скольжению по поверхности стола.\r\nДренажные отверстия, защищающие клавиатуру от случайно пролитой жидкости.\r\nОтдельный цифровой блок.\r\nПровод длиной 1,5 метра для комфортной эксплуатации.\r\nПолноразмерная конструкция со 104 клавишами.\r\nБелые символы (и русские, и английские буквы), четко выделяющиеся на черном фоне.\r\nФункционал, предусматривающий ряд полезных опций (настройка яркости и громкости, переключение музыкальных композиций): не нужны дополнительные драйверы.",
      "is_active": true,
      "sells": 0,
      "released": "2021-08-08T07:54:17.851Z",
      "sort_index": 0
    }
  },
  {
    "model": "main.product",
    "pk": 33,
    "fields": {
      "name": "Мышь A4TECH Bloody P91",
      "slug": "mysh-a4-bloody-p91",
      "category": 14,
      "img": "product_images/1156165_v01_b.jpeg",
      "description": "Представленная на этой странице оптическая мышь A4 Bloody P91 обладает кабелем длиной целых 1.8 м. Подключение к ноутбуку или компьютеру осуществляется в USB-порт. Максимальное разрешение сенсора составляет 5000 dpi, можно менять уровень его чувствительности. Представлено 8 кнопок и колесо прокрутки.",
      "is_active": true,
      "sells": 0,
      "released": "2021-08-08T07:56:26.144Z",
      "sort_index": 0
    }
  },
  {
    "model": "main.product",
    "pk": 34,
    "fields": {
      "name": "Мышь MICROSOFT Bluetooth for Business",
      "slug": "mysh-microsoft-bluetooth-for-business",
      "category": 14,
      "img": "product_images/1434244_v01_b.jpeg",
      "description": "Для тех, кто целый день проводит за монитором, просто необходима мышь MICROSOFT Bluetooth for Business. Данная модель имеет колесо прокрутки, 2 кнопки управления, а высокочувствительный сенсор моментально выполнит любую вашу операцию. Чтобы подключить мышь, не требуется специальных разрешений и драйверов, достаточно использовать Bluetooth интерфейс.",
      "is_active": true,
      "sells": 0,
      "released": "2021-08-08T07:58:06.647Z",
      "sort_index": 0
    }
  },
  {
    "model": "main.product",
    "pk": 35,
    "fields": {
      "name": "Web-камера AVERMEDIA BO317",
      "slug": "web-kamera-avermedia-bo317",
      "category": 15,
      "img": "product_images/1420178_v01_b.jpeg",
      "description": "Для общения онлайн с друзьями, близкими, коллегами верной помощницей станет Web-камера AVERMEDIA BO317, выполненная в классическом черном цвете. Обеспечивает комфорт и удобство работы, функционирует на основе матрицы CMOS с разрешением 2 Мп. Без интерполяции разрешение составляет 1920 х 1080 пикселей.",
      "is_active": true,
      "sells": 0,
      "released": "2021-08-08T08:39:58.939Z",
      "sort_index": 0
    }
  },
  {
    "model": "main.product",
    "pk": 36,
    "fields": {
      "name": "Web-камера DEFENDER G-Lens 2579",
      "slug": "web-kamera-defender-g-lens-2579",
      "category": 15,
      "img": "product_images/1430828_v01_b.jpeg",
      "description": "Доступная по стоимости web-камера DEFENDER G-Lens 2579 станет оптимальным выбором для сеансов видеосвязи. Производитель оснастил ее матрицей CMOS, разрешение которой равно 1280х720 пикселей. В режиме интерполяции фоторазрешение достигает 72 Мп. По горизонтали ее можно вращать на 48 градусов. Есть микрофон, который обеспечивает комфортное общение без дополнительной гарнитуры. Представлен привычный интерфейс USB 2.0. Запись видео высокой четкости осуществляется в формате 720р.",
      "is_active": true,
      "sells": 0,
      "released": "2021-08-08T08:41:29.091Z",
      "sort_index": 0
    }
  },
  {
    "model": "main.product",
    "pk": 37,
    "fields": {
      "name": "Web-камера LOGITECH HD Pro C925e",
      "slug": "web-kamera-logitech-hd-pro-c925e",
      "category": 15,
      "img": "product_images/388062_v01_b.jpeg",
      "description": "Web-камера LOGITECH HD Pro C925e оснащена матрицей 2 Мп разрешением 1920х1080 пикселей. Эта особенность обеспечивает пользователю передачу и запись высококачественного видеосигнала, делая видеозвонки по-настоящему приятными и удобными. Встроенный микрофон избавит вас от необходимости приобретать дополнительное оборудование, а функция шумоподавления обеспечит чистый и четкий звук. Web-камера LOGITECH HD Pro C925e обладает функциями записи видео формата 1080р со скоростью записи 30 кадров в секунду, что позволит вам изготавливать ролики очень хорошего качества. Наличие функции автоматической фокусировки сделает использование камеры более простым и удобным как в ходе видеозвонков, так и записи видео. Универсальное крепление камеры подходит для большинства поверхностей.",
      "is_active": true,
      "sells": 0,
      "released": "2021-08-08T08:43:07.068Z",
      "sort_index": 0
    }
  },
  {
    "model": "main.product",
    "pk": 38,
    "fields": {
      "name": "Сервер IRU Rock S1102E 1xE-2234",
      "slug": "server-iru-rock-s1102e-1xe-2234",
      "category": 16,
      "img": "product_images/1493155_v01_b.jpeg",
      "description": "Сервер IRU Rock S1102E 1xE-2234",
      "is_active": true,
      "sells": 0,
      "released": "2021-08-08T08:49:25.198Z",
      "sort_index": 0
    }
  },
  {
    "model": "main.product",
    "pk": 39,
    "fields": {
      "name": "Сервер Lenovo ThinkSystem ST50",
      "slug": "server-lenovo-thinksystem-st50",
      "category": 16,
      "img": "product_images/1490810_v01_b.jpeg",
      "description": "ST50 - это универсальный первый сервер для небольшой компании или филиала: компактный, надежный, производительный и экономически доступный. Он успешно решает различные задачи, включая повседневные вычисления, управление файлами и печатью, поддержку сервера электронной почты или веб-сервера. В отличие от десктопов -  используются комплектующие корпоративного уровня, с повышенным уровнем надежности: Память TruDDR4 2666MHz (2Rx8, 1.2V) UDIMM с защитой ECC - обеспечивает исправление ошибок – такой опции нет на \"серверах\" класса PC, данная опция помогает предотвратить сбои системы и потери данных, которые случаются из-за ошибок памяти в PC системах, что означает большее время безотказной работы.",
      "is_active": true,
      "sells": 0,
      "released": "2021-08-08T08:51:54.540Z",
      "sort_index": 0
    }
  },
  {
    "model": "main.product",
    "pk": 40,
    "fields": {
      "name": "Сервер HPE ProLiant MicroServer Gen10 Plus",
      "slug": "server-hpe-proliant-microserver-gen10-plus",
      "category": 16,
      "img": "product_images/1359031_v01_b.jpeg",
      "description": "Версия сервера HPE ProLiant MicroServer Gen10 Plus с процессором Intel® Pentium® G5420, который пришел на смену процессорам AMD Opteron™ X3418/X3421. Данный процессор принадлежит к семейству Coffee Lake. Он имеет 2 ядра и 4 потока и изготовлен по 14 нм техпроцессу, максимальная частота составляет 3.80 GHz.",
      "is_active": true,
      "sells": 0,
      "released": "2021-08-08T08:53:58.619Z",
      "sort_index": 0
    }
  },
  {
    "model": "main.product",
    "pk": 41,
    "fields": {
      "name": "Экран защиты информации 3M PF125W9B для ноутбука 12.5\"",
      "slug": "ekran-zaschity-informacii-3m-pf125w9b-dlya-noutbuk",
      "category": 17,
      "img": "product_images/1097669_v01_b.jpeg",
      "description": "Экран защиты информации для ноутбуков с диагональю экрана 12.5\". Она обеспечивает конфиденциальность данных экрана и защищает его от царапин. Обеспечивает эффективное затемнение конфиденциальной информации на экране для защиты от подсматривающих сбоку начиная с угла обзора в 30 градусов.",
      "is_active": true,
      "sells": 0,
      "released": "2021-08-08T08:56:48.198Z",
      "sort_index": 0
    }
  },
  {
    "model": "main.product",
    "pk": 42,
    "fields": {
      "name": "Чехол для ноутбука 15.6\" HP Chroma",
      "slug": "chehol-dlya-noutbuka-15-6-hp-chroma",
      "category": 17,
      "img": "product_images/380908_v01_b.jpeg",
      "description": "Двухсторонний чехол для ноутбуков с экраном 15,6 дюйма. Вывернув чехол на изнанку Вы сможете изменить его слить со сдержанного рабочего (Черный цвет), на яркий и энергичный (Голубой цвет). Также чехол отлично защитит Ваш ноутбук от ударов и царапин.",
      "is_active": true,
      "sells": 0,
      "released": "2021-08-08T08:58:27.016Z",
      "sort_index": 0
    }
  },
  {
    "model": "main.product",
    "pk": 43,
    "fields": {
      "name": "микрофон HAMA H-57152 для ноутбука",
      "slug": "mikrofon-hama-h-57152-dlya-noutbuka",
      "category": 17,
      "img": "product_images/825594_v01_b.jpeg",
      "description": "Гибкий микрофон для ноутбука. Подключается к разъему 3.5мм. Частотная характеристика: 30-16000 Гц. Всенаправленная диаграмма. Длина микрофона 17 см. Конденсаторный микрофон.",
      "is_active": true,
      "sells": 0,
      "released": "2021-08-08T09:00:09.818Z",
      "sort_index": 0
    }
  },
  {
    "model": "main.product",
    "pk": 44,
    "fields": {
      "name": "Гарнитура игровая SUNWIND SW-HS510G",
      "slug": "garnitura-igrovaya-sunwind-sw-hs510g",
      "category": 18,
      "img": "product_images/1422149_v01_b.jpeg",
      "description": "Гарнитура игровая SUNWIND SW-HS510G",
      "is_active": true,
      "sells": 0,
      "released": "2021-08-08T09:03:26.370Z",
      "sort_index": 0
    }
  },
  {
    "model": "main.product",
    "pk": 45,
    "fields": {
      "name": "Гарнитура игровая LOGITECH Pro X Lightspeed",
      "slug": "garnitura-logitech-pro-x-wireless-lightspeed",
      "category": 18,
      "img": "",
      "description": "Для игр на компьютерах или игровых консолях Xbox Series X/S, Playstation 4, Playstation 4 Pro, Playstation 4 Slim, Playstation 5 можно использовать стерео гарнитуру игровую LOGITECH Pro X Lightspeed. Оголовье выполнено из алюминиевого сплава, гарантирующего длительный срок эксплуатации. Укомплектована она съемным однонаправленным микрофоном с возможностью регулирования громкости. Переключатель расположен на наушниках.",
      "is_active": true,
      "sells": 0,
      "released": "2021-08-08T09:04:54.943Z",
      "sort_index": 0
    }
  },
  {
    "model": "main.product",
    "pk": 46,
    "fields": {
      "name": "Гарнитура JABRA Evolve 20 MS Mono",
      "slug": "naushniki-s-mikrofonom-jabra-evolve-20-ms-mono",
      "category": 18,
      "img": "product_images/1385560_v01_b.jpeg",
      "description": "Для проведения онлайн-конференций используется профессиональная гарнитура JABRA Evolve 20 MS Mono. Она снабжена регулируемым оголовьем и мягкой амбушюрой из поролона для уменьшения фонового шума. Не утомляет при использовании в течение целого дня. Гарнитура имеет моно-конструкцию с левосторонней раковиной, на которой крепится оголовье, микрофон и шнур.",
      "is_active": true,
      "sells": 0,
      "released": "2021-08-08T09:06:39.842Z",
      "sort_index": 0
    }
  },
  {
    "model": "main.discount",
    "pk": 1,
    "fields": {
      "title": "MacBook Sale",
      "description": "MacBook Sale in all shops",
      "product": 5,
      "percent": 25,
      "shop": null,
      "date_start": null,
      "date_end": "2021-11-01T09:12:45Z",
      "date_created": "2021-08-01T11:43:56.771Z"
    }
  },
  {
    "model": "main.discount",
    "pk": 2,
    "fields": {
      "title": "Surface Sale",
      "description": "Surface Sale in all shops",
      "product": 12,
      "percent": 33,
      "shop": null,
      "date_start": null,
      "date_end": "2021-10-08T09:13:26Z",
      "date_created": "2021-08-02T11:43:56.771Z"
    }
  },
  {
    "model": "main.discount",
    "pk": 3,
    "fields": {
      "title": "Ситилинк Laptop Sale",
      "description": "Распродажа ноутбуков в Ситилинке",
      "product": 1,
      "percent": 10,
      "shop": 1,
      "date_start": "2021-08-08T09:14:02Z",
      "date_end": "2021-10-08T09:14:06Z",
      "date_created": "2021-08-03T11:43:56.771Z"
    }
  },
  {
    "model": "main.discount",
    "pk": 4,
    "fields": {
      "title": "М-видео server sale",
      "description": "Распродажа серверов в М-Видео",
      "product": 38,
      "percent": 15,
      "shop": 3,
      "date_start": "2021-08-08T09:14:54Z",
      "date_end": "2021-09-29T09:14:57Z",
      "date_created": "2021-08-04T11:43:56.771Z"
    }
  },
  {
    "model": "main.discount",
    "pk": 5,
    "fields": {
      "title": "DNS Desktop sale",
      "description": "Распродажа компьютеров в DNS",
      "product": 14,
      "percent": 20,
      "shop": 2,
      "date_start": "2021-08-08T09:16:54Z",
      "date_end": "2021-09-08T09:16:56Z",
      "date_created": "2021-08-05T11:43:56.771Z"
    }
  },
  {
    "model": "main.shop",
    "pk": 1,
    "fields": {
      "name": "Ситилинк",
      "img": "shop_images/citylink.jpeg",
      "description": "Электронный дискаунтер Ситилинк - более 65 000 наименований бытовой техники, цифровой электроники и других товаров от ведущих мировых производителей.",
      "phone": "+7(831)215-18-88",
      "address": "г. Москва, Щелковское шоссе, д. 7, стр. 1, этаж 1, пом. I, ком. 51",
      "email": "citilink@citilink.ru"
    }
  },
  {
    "model": "main.shop",
    "pk": 2,
    "fields": {
      "name": "DNS",
      "img": "shop_images/DNS.png",
      "description": "Большой ассортимент электроники, цифровой и бытовой техники, а так же товаров для дома, известных брендов в интернет-магазине DNS по отличным ценам.",
      "phone": "8 (831) 288 88 01",
      "address": "г. Москва, Красная площадь, д. 1",
      "email": "dns@dns-shop.ru"
    }
  },
  {
    "model": "main.shop",
    "pk": 3,
    "fields": {
      "name": "М-Видео",
      "img": "shop_images/213d72011d0e10ed41f585a5430ac4d5.png",
      "description": "Розничная сеть «М.Видео» — одна из крупнейших розничных сетей по объёмам продаж электроники и бытовой техники в России. «М.Видео» осуществляет свою деятельность с 1993 года и является первой на российском рынке сетью, реализовавшей полноценный омниканальный подход к продажам — это единый ассортимент, цена и сервис как при покупке в магазинах, так и онлайн.",
      "phone": "8 (800) 200‑777‑5",
      "address": "г. Москва, Красная площадь, д. 1",
      "email": "24@mvideo.ru"
    }
  },
  {
    "model": "main.warehouse",
    "pk": 1,
    "fields": {
      "product": 1,
      "shop": 1,
      "price": 950.0,
      "amount": 20,
      "free_shipping": false
    }
  },
  {
    "model": "main.warehouse",
    "pk": 2,
    "fields": {
      "product": 1,
      "shop": 2,
      "price": 1000.0,
      "amount": 25,
      "free_shipping": true
    }
  },
  {
    "model": "main.warehouse",
    "pk": 3,
    "fields": {
      "product": 1,
      "shop": 3,
      "price": 1100.0,
      "amount": 15,
      "free_shipping": true
    }
  },
  {
    "model": "main.warehouse",
    "pk": 4,
    "fields": {
      "product": 2,
      "shop": 1,
      "price": 1050.0,
      "amount": 15,
      "free_shipping": true
    }
  },
  {
    "model": "main.warehouse",
    "pk": 5,
    "fields": {
      "product": 2,
      "shop": 2,
      "price": 1100.0,
      "amount": 20,
      "free_shipping": true
    }
  },
  {
    "model": "main.warehouse",
    "pk": 6,
    "fields": {
      "product": 3,
      "shop": 1,
      "price": 1700.0,
      "amount": 10,
      "free_shipping": false
    }
  },
  {
    "model": "main.warehouse",
    "pk": 7,
    "fields": {
      "product": 3,
      "shop": 2,
      "price": 1750.0,
      "amount": 12,
      "free_shipping": false
    }
  },
  {
    "model": "main.warehouse",
    "pk": 8,
    "fields": {
      "product": 3,
      "shop": 3,
      "price": 1850.0,
      "amount": 12,
      "free_shipping": true
    }
  },
  {
    "model": "main.warehouse",
    "pk": 9,
    "fields": {
      "product": 4,
      "shop": 1,
      "price": 1500.0,
      "amount": 10,
      "free_shipping": false
    }
  },
  {
    "model": "main.warehouse",
    "pk": 10,
    "fields": {
      "product": 4,
      "shop": 2,
      "price": 1500.0,
      "amount": 13,
      "free_shipping": false
    }
  },
  {
    "model": "main.warehouse",
    "pk": 11,
    "fields": {
      "product": 4,
      "shop": 3,
      "price": 1520.0,
      "amount": 10,
      "free_shipping": false
    }
  },
  {
    "model": "main.warehouse",
    "pk": 12,
    "fields": {
      "product": 5,
      "shop": 1,
      "price": 2100.0,
      "amount": 8,
      "free_shipping": false
    }
  },
  {
    "model": "main.warehouse",
    "pk": 13,
    "fields": {
      "product": 5,
      "shop": 2,
      "price": 2100.0,
      "amount": 9,
      "free_shipping": false
    }
  },
  {
    "model": "main.warehouse",
    "pk": 14,
    "fields": {
      "product": 5,
      "shop": 3,
      "price": 2150.0,
      "amount": 8,
      "free_shipping": false
    }
  },
  {
    "model": "main.warehouse",
    "pk": 15,
    "fields": {
      "product": 6,
      "shop": 1,
      "price": 3200.0,
      "amount": 5,
      "free_shipping": false
    }
  },
  {
    "model": "main.warehouse",
    "pk": 16,
    "fields": {
      "product": 6,
      "shop": 3,
      "price": 3250.0,
      "amount": 6,
      "free_shipping": false
    }
  },
  {
    "model": "main.warehouse",
    "pk": 17,
    "fields": {
      "product": 7,
      "shop": 1,
      "price": 989.0,
      "amount": 25,
      "free_shipping": true
    }
  },
  {
    "model": "main.warehouse",
    "pk": 18,
    "fields": {
      "product": 7,
      "shop": 2,
      "price": 1000.0,
      "amount": 23,
      "free_shipping": true
    }
  },
  {
    "model": "main.warehouse",
    "pk": 19,
    "fields": {
      "product": 7,
      "shop": 3,
      "price": 1019.0,
      "amount": 24,
      "free_shipping": false
    }
  },
  {
    "model": "main.warehouse",
    "pk": 20,
    "fields": {
      "product": 8,
      "shop": 1,
      "price": 419.0,
      "amount": 14,
      "free_shipping": true
    }
  },
  {
    "model": "main.warehouse",
    "pk": 21,
    "fields": {
      "product": 8,
      "shop": 2,
      "price": 425.0,
      "amount": 15,
      "free_shipping": true
    }
  },
  {
    "model": "main.warehouse",
    "pk": 22,
    "fields": {
      "product": 9,
      "shop": 1,
      "price": 990.0,
      "amount": 18,
      "free_shipping": false
    }
  },
  {
    "model": "main.warehouse",
    "pk": 23,
    "fields": {
      "product": 9,
      "shop": 2,
      "price": 1000.0,
      "amount": 20,
      "free_shipping": false
    }
  },
  {
    "model": "main.warehouse",
    "pk": 24,
    "fields": {
      "product": 9,
      "shop": 3,
      "price": 1019.0,
      "amount": 16,
      "free_shipping": false
    }
  },
  {
    "model": "main.warehouse",
    "pk": 25,
    "fields": {
      "product": 10,
      "shop": 2,
      "price": 1050.0,
      "amount": 3,
      "free_shipping": false
    }
  },
  {
    "model": "main.warehouse",
    "pk": 26,
    "fields": {
      "product": 11,
      "shop": 2,
      "price": 1500.0,
      "amount": 4,
      "free_shipping": false
    }
  },
  {
    "model": "main.warehouse",
    "pk": 27,
    "fields": {
      "product": 12,
      "shop": 2,
      "price": 2300.0,
      "amount": 2,
      "free_shipping": false
    }
  },
  {
    "model": "main.warehouse",
    "pk": 28,
    "fields": {
      "product": 13,
      "shop": 1,
      "price": 849.0,
      "amount": 5,
      "free_shipping": false
    }
  },
  {
    "model": "main.warehouse",
    "pk": 29,
    "fields": {
      "product": 13,
      "shop": 2,
      "price": 870.0,
      "amount": 6,
      "free_shipping": false
    }
  },
  {
    "model": "main.warehouse",
    "pk": 30,
    "fields": {
      "product": 14,
      "shop": 1,
      "price": 1150.0,
      "amount": 3,
      "free_shipping": false
    }
  },
  {
    "model": "main.warehouse",
    "pk": 31,
    "fields": {
      "product": 14,
      "shop": 2,
      "price": 1189.0,
      "amount": 6,
      "free_shipping": false
    }
  },
  {
    "model": "main.warehouse",
    "pk": 32,
    "fields": {
      "product": 15,
      "shop": 1,
      "price": 650.0,
      "amount": 4,
      "free_shipping": false
    }
  },
  {
    "model": "main.warehouse",
    "pk": 33,
    "fields": {
      "product": 15,
      "shop": 3,
      "price": 700.0,
      "amount": 3,
      "free_shipping": false
    }
  },
  {
    "model": "main.warehouse",
    "pk": 34,
    "fields": {
      "product": 16,
      "shop": 1,
      "price": 450.0,
      "amount": 5,
      "free_shipping": false
    }
  },
  {
    "model": "main.warehouse",
    "pk": 35,
    "fields": {
      "product": 16,
      "shop": 2,
      "price": 459.0,
      "amount": 4,
      "free_shipping": false
    }
  },
  {
    "model": "main.warehouse",
    "pk": 36,
    "fields": {
      "product": 16,
      "shop": 3,
      "price": 469.0,
      "amount": 4,
      "free_shipping": false
    }
  },
  {
    "model": "main.warehouse",
    "pk": 37,
    "fields": {
      "product": 17,
      "shop": 1,
      "price": 600.0,
      "amount": 3,
      "free_shipping": false
    }
  },
  {
    "model": "main.warehouse",
    "pk": 38,
    "fields": {
      "product": 17,
      "shop": 3,
      "price": 640.0,
      "amount": 4,
      "free_shipping": false
    }
  },
  {
    "model": "main.warehouse",
    "pk": 39,
    "fields": {
      "product": 18,
      "shop": 1,
      "price": 600.0,
      "amount": 4,
      "free_shipping": false
    }
  },
  {
    "model": "main.warehouse",
    "pk": 40,
    "fields": {
      "product": 18,
      "shop": 2,
      "price": 619.0,
      "amount": 5,
      "free_shipping": false
    }
  },
  {
    "model": "main.warehouse",
    "pk": 41,
    "fields": {
      "product": 19,
      "shop": 1,
      "price": 190.0,
      "amount": 6,
      "free_shipping": false
    }
  },
  {
    "model": "main.warehouse",
    "pk": 42,
    "fields": {
      "product": 19,
      "shop": 2,
      "price": 199.0,
      "amount": 5,
      "free_shipping": false
    }
  },
  {
    "model": "main.warehouse",
    "pk": 43,
    "fields": {
      "product": 20,
      "shop": 1,
      "price": 210.0,
      "amount": 6,
      "free_shipping": false
    }
  },
  {
    "model": "main.warehouse",
    "pk": 44,
    "fields": {
      "product": 20,
      "shop": 2,
      "price": 215.0,
      "amount": 5,
      "free_shipping": false
    }
  },
  {
    "model": "main.warehouse",
    "pk": 45,
    "fields": {
      "product": 21,
      "shop": 1,
      "price": 260.0,
      "amount": 3,
      "free_shipping": false
    }
  },
  {
    "model": "main.warehouse",
    "pk": 46,
    "fields": {
      "product": 21,
      "shop": 2,
      "price": 279.0,
      "amount": 4,
      "free_shipping": false
    }
  },
  {
    "model": "main.warehouse",
    "pk": 47,
    "fields": {
      "product": 22,
      "shop": 1,
      "price": 80.0,
      "amount": 15,
      "free_shipping": false
    }
  },
  {
    "model": "main.warehouse",
    "pk": 48,
    "fields": {
      "product": 22,
      "shop": 2,
      "price": 85.0,
      "amount": 17,
      "free_shipping": false
    }
  },
  {
    "model": "main.warehouse",
    "pk": 49,
    "fields": {
      "product": 23,
      "shop": 1,
      "price": 140.0,
      "amount": 17,
      "free_shipping": false
    }
  },
  {
    "model": "main.warehouse",
    "pk": 50,
    "fields": {
      "product": 23,
      "shop": 2,
      "price": 150.0,
      "amount": 16,
      "free_shipping": false
    }
  },
  {
    "model": "main.warehouse",
    "pk": 51,
    "fields": {
      "product": 24,
      "shop": 1,
      "price": 600.0,
      "amount": 15,
      "free_shipping": false
    }
  },
  {
    "model": "main.warehouse",
    "pk": 52,
    "fields": {
      "product": 24,
      "shop": 2,
      "price": 609.0,
      "amount": 13,
      "free_shipping": false
    }
  },
  {
    "model": "main.warehouse",
    "pk": 53,
    "fields": {
      "product": 25,
      "shop": 1,
      "price": 580.0,
      "amount": 12,
      "free_shipping": false
    }
  },
  {
    "model": "main.warehouse",
    "pk": 54,
    "fields": {
      "product": 25,
      "shop": 2,
      "price": 589.0,
      "amount": 13,
      "free_shipping": false
    }
  },
  {
    "model": "main.warehouse",
    "pk": 55,
    "fields": {
      "product": 25,
      "shop": 3,
      "price": 600.0,
      "amount": 10,
      "free_shipping": false
    }
  },
  {
    "model": "main.warehouse",
    "pk": 56,
    "fields": {
      "product": 26,
      "shop": 1,
      "price": 120.0,
      "amount": 13,
      "free_shipping": false
    }
  },
  {
    "model": "main.warehouse",
    "pk": 57,
    "fields": {
      "product": 26,
      "shop": 2,
      "price": 125.0,
      "amount": 14,
      "free_shipping": false
    }
  },
  {
    "model": "main.warehouse",
    "pk": 58,
    "fields": {
      "product": 26,
      "shop": 3,
      "price": 129.0,
      "amount": 12,
      "free_shipping": false
    }
  },
  {
    "model": "main.warehouse",
    "pk": 59,
    "fields": {
      "product": 27,
      "shop": 1,
      "price": 250.0,
      "amount": 12,
      "free_shipping": false
    }
  },
  {
    "model": "main.warehouse",
    "pk": 60,
    "fields": {
      "product": 27,
      "shop": 2,
      "price": 259.0,
      "amount": 10,
      "free_shipping": false
    }
  },
  {
    "model": "main.warehouse",
    "pk": 61,
    "fields": {
      "product": 27,
      "shop": 3,
      "price": 265.0,
      "amount": 11,
      "free_shipping": false
    }
  },
  {
    "model": "main.warehouse",
    "pk": 62,
    "fields": {
      "product": 28,
      "shop": 1,
      "price": 220.0,
      "amount": 16,
      "free_shipping": true
    }
  },
  {
    "model": "main.warehouse",
    "pk": 63,
    "fields": {
      "product": 28,
      "shop": 2,
      "price": 225.0,
      "amount": 17,
      "free_shipping": true
    }
  },
  {
    "model": "main.warehouse",
    "pk": 64,
    "fields": {
      "product": 28,
      "shop": 3,
      "price": 229.0,
      "amount": 16,
      "free_shipping": true
    }
  },
  {
    "model": "main.warehouse",
    "pk": 65,
    "fields": {
      "product": 29,
      "shop": 1,
      "price": 95.0,
      "amount": 21,
      "free_shipping": true
    }
  },
  {
    "model": "main.warehouse",
    "pk": 66,
    "fields": {
      "product": 29,
      "shop": 2,
      "price": 99.0,
      "amount": 25,
      "free_shipping": true
    }
  },
  {
    "model": "main.warehouse",
    "pk": 67,
    "fields": {
      "product": 29,
      "shop": 3,
      "price": 100.0,
      "amount": 21,
      "free_shipping": true
    }
  },
  {
    "model": "main.warehouse",
    "pk": 68,
    "fields": {
      "product": 30,
      "shop": 1,
      "price": 700.0,
      "amount": 8,
      "free_shipping": true
    }
  },
  {
    "model": "main.warehouse",
    "pk": 69,
    "fields": {
      "product": 30,
      "shop": 2,
      "price": 709.0,
      "amount": 9,
      "free_shipping": true
    }
  },
  {
    "model": "main.warehouse",
    "pk": 70,
    "fields": {
      "product": 30,
      "shop": 3,
      "price": 720.0,
      "amount": 9,
      "free_shipping": true
    }
  },
  {
    "model": "main.warehouse",
    "pk": 71,
    "fields": {
      "product": 31,
      "shop": 1,
      "price": 80.0,
      "amount": 12,
      "free_shipping": false
    }
  },
  {
    "model": "main.warehouse",
    "pk": 72,
    "fields": {
      "product": 31,
      "shop": 2,
      "price": 82.0,
      "amount": 13,
      "free_shipping": false
    }
  },
  {
    "model": "main.warehouse",
    "pk": 73,
    "fields": {
      "product": 31,
      "shop": 3,
      "price": 85.0,
      "amount": 13,
      "free_shipping": false
    }
  },
  {
    "model": "main.warehouse",
    "pk": 74,
    "fields": {
      "product": 32,
      "shop": 1,
      "price": 9.0,
      "amount": 14,
      "free_shipping": false
    }
  },
  {
    "model": "main.warehouse",
    "pk": 75,
    "fields": {
      "product": 32,
      "shop": 2,
      "price": 10.0,
      "amount": 15,
      "free_shipping": false
    }
  },
  {
    "model": "main.warehouse",
    "pk": 76,
    "fields": {
      "product": 32,
      "shop": 3,
      "price": 11.0,
      "amount": 14,
      "free_shipping": false
    }
  },
  {
    "model": "main.warehouse",
    "pk": 77,
    "fields": {
      "product": 33,
      "shop": 1,
      "price": 23.0,
      "amount": 12,
      "free_shipping": false
    }
  },
  {
    "model": "main.warehouse",
    "pk": 78,
    "fields": {
      "product": 33,
      "shop": 2,
      "price": 25.0,
      "amount": 13,
      "free_shipping": false
    }
  },
  {
    "model": "main.warehouse",
    "pk": 79,
    "fields": {
      "product": 33,
      "shop": 3,
      "price": 26.0,
      "amount": 12,
      "free_shipping": false
    }
  },
  {
    "model": "main.warehouse",
    "pk": 80,
    "fields": {
      "product": 34,
      "shop": 1,
      "price": 15.0,
      "amount": 12,
      "free_shipping": false
    }
  },
  {
    "model": "main.warehouse",
    "pk": 81,
    "fields": {
      "product": 34,
      "shop": 2,
      "price": 16.0,
      "amount": 13,
      "free_shipping": false
    }
  },
  {
    "model": "main.warehouse",
    "pk": 82,
    "fields": {
      "product": 34,
      "shop": 3,
      "price": 17.0,
      "amount": 12,
      "free_shipping": false
    }
  },
  {
    "model": "main.warehouse",
    "pk": 83,
    "fields": {
      "product": 35,
      "shop": 2,
      "price": 800.0,
      "amount": 6,
      "free_shipping": false
    }
  },
  {
    "model": "main.warehouse",
    "pk": 84,
    "fields": {
      "product": 35,
      "shop": 3,
      "price": 810.0,
      "amount": 7,
      "free_shipping": false
    }
  },
  {
    "model": "main.warehouse",
    "pk": 85,
    "fields": {
      "product": 36,
      "shop": 2,
      "price": 12.0,
      "amount": 7,
      "free_shipping": false
    }
  },
  {
    "model": "main.warehouse",
    "pk": 86,
    "fields": {
      "product": 36,
      "shop": 3,
      "price": 13.0,
      "amount": 8,
      "free_shipping": false
    }
  },
  {
    "model": "main.warehouse",
    "pk": 87,
    "fields": {
      "product": 37,
      "shop": 2,
      "price": 120.0,
      "amount": 9,
      "free_shipping": false
    }
  },
  {
    "model": "main.warehouse",
    "pk": 88,
    "fields": {
      "product": 37,
      "shop": 3,
      "price": 125.0,
      "amount": 8,
      "free_shipping": false
    }
  },
  {
    "model": "main.warehouse",
    "pk": 89,
    "fields": {
      "product": 38,
      "shop": 1,
      "price": 1050.0,
      "amount": 3,
      "free_shipping": true
    }
  },
  {
    "model": "main.warehouse",
    "pk": 90,
    "fields": {
      "product": 38,
      "shop": 3,
      "price": 1070.0,
      "amount": 2,
      "free_shipping": true
    }
  },
  {
    "model": "main.warehouse",
    "pk": 91,
    "fields": {
      "product": 39,
      "shop": 1,
      "price": 400.0,
      "amount": 7,
      "free_shipping": true
    }
  },
  {
    "model": "main.warehouse",
    "pk": 92,
    "fields": {
      "product": 39,
      "shop": 2,
      "price": 410.0,
      "amount": 6,
      "free_shipping": true
    }
  },
  {
    "model": "main.warehouse",
    "pk": 93,
    "fields": {
      "product": 40,
      "shop": 1,
      "price": 650.0,
      "amount": 5,
      "free_shipping": true
    }
  },
  {
    "model": "main.warehouse",
    "pk": 94,
    "fields": {
      "product": 40,
      "shop": 2,
      "price": 660.0,
      "amount": 4,
      "free_shipping": true
    }
  },
  {
    "model": "main.warehouse",
    "pk": 95,
    "fields": {
      "product": 41,
      "shop": 1,
      "price": 60.0,
      "amount": 8,
      "free_shipping": false
    }
  },
  {
    "model": "main.warehouse",
    "pk": 96,
    "fields": {
      "product": 41,
      "shop": 2,
      "price": 62.0,
      "amount": 7,
      "free_shipping": false
    }
  },
  {
    "model": "main.warehouse",
    "pk": 97,
    "fields": {
      "product": 41,
      "shop": 3,
      "price": 65.0,
      "amount": 8,
      "free_shipping": false
    }
  },
  {
    "model": "main.warehouse",
    "pk": 98,
    "fields": {
      "product": 42,
      "shop": 1,
      "price": 13.0,
      "amount": 12,
      "free_shipping": false
    }
  },
  {
    "model": "main.warehouse",
    "pk": 99,
    "fields": {
      "product": 42,
      "shop": 2,
      "price": 14.0,
      "amount": 13,
      "free_shipping": false
    }
  },
  {
    "model": "main.warehouse",
    "pk": 100,
    "fields": {
      "product": 42,
      "shop": 3,
      "price": 15.0,
      "amount": 12,
      "free_shipping": false
    }
  },
  {
    "model": "main.warehouse",
    "pk": 101,
    "fields": {
      "product": 43,
      "shop": 1,
      "price": 3.0,
      "amount": 4,
      "free_shipping": false
    }
  },
  {
    "model": "main.warehouse",
    "pk": 102,
    "fields": {
      "product": 43,
      "shop": 2,
      "price": 3.5,
      "amount": 9,
      "free_shipping": false
    }
  },
  {
    "model": "main.warehouse",
    "pk": 103,
    "fields": {
      "product": 43,
      "shop": 3,
      "price": 4.0,
      "amount": 1,
      "free_shipping": false
    }
  },
  {
    "model": "main.warehouse",
    "pk": 104,
    "fields": {
      "product": 44,
      "shop": 1,
      "price": 140.0,
      "amount": 12,
      "free_shipping": false
    }
  },
  {
    "model": "main.warehouse",
    "pk": 105,
    "fields": {
      "product": 44,
      "shop": 2,
      "price": 142.0,
      "amount": 13,
      "free_shipping": false
    }
  },
  {
    "model": "main.warehouse",
    "pk": 106,
    "fields": {
      "product": 44,
      "shop": 3,
      "price": 146.0,
      "amount": 11,
      "free_shipping": false
    }
  },
  {
    "model": "main.warehouse",
    "pk": 107,
    "fields": {
      "product": 45,
      "shop": 1,
      "price": 230.0,
      "amount": 11,
      "free_shipping": false
    }
  },
  {
    "model": "main.warehouse",
    "pk": 108,
    "fields": {
      "product": 45,
      "shop": 2,
      "price": 231.0,
      "amount": 12,
      "free_shipping": false
    }
  },
  {
    "model": "main.warehouse",
    "pk": 109,
    "fields": {
      "product": 45,
      "shop": 3,
      "price": 239.0,
      "amount": 11,
      "free_shipping": false
    }
  },
  {
    "model": "main.warehouse",
    "pk": 110,
    "fields": {
      "product": 46,
      "shop": 1,
      "price": 27.0,
      "amount": 5,
      "free_shipping": false
    }
  },
  {
    "model": "main.warehouse",
    "pk": 111,
    "fields": {
      "product": 46,
      "shop": 2,
      "price": 29.0,
      "amount": 6,
      "free_shipping": false
    }
  },
  {
    "model": "main.warehouse",
    "pk": 112,
    "fields": {
      "product": 46,
      "shop": 3,
      "price": 30.0,
      "amount": 7,
      "free_shipping": false
    }
  },
  {
    "model": "main.banner",
    "pk": 1,
    "fields": {
      "title": "Brand new MacBook",
      "text": "Best decision for home or office",
      "link": "http://127.0.0.1:8000/catalog/noutbuk-apple-macbook-pro-13-3-ips-apple-m1",
      "image": "banner_images/1451527_v01_b.jpeg",
      "is_active": true
    }
  },
  {
    "model": "main.banner",
    "pk": 2,
    "fields": {
      "title": "This is Microsoft Surface",
      "text": "Forget about MacBooks",
      "link": "http://127.0.0.1:8000/catalog/product--planshet-microsoft-surface-pro-x-msq2-16g",
      "image": "banner_images/orig.jpeg",
      "is_active": true
    }
  },
  {
    "model": "compare.characteristic",
    "pk": 1,
    "fields": {
      "name": "Диагональ экрана"
    }
  },
  {
    "model": "compare.characteristic",
    "pk": 2,
    "fields": {
      "name": "Разрешение экрана"
    }
  },
  {
    "model": "compare.characteristic",
    "pk": 3,
    "fields": {
      "name": "Процессор"
    }
  },
  {
    "model": "compare.characteristic",
    "pk": 4,
    "fields": {
      "name": "Оперативная память"
    }
  },
  {
    "model": "compare.characteristic",
    "pk": 5,
    "fields": {
      "name": "Графический процессор"
    }
  },
  {
    "model": "compare.characteristic",
    "pk": 6,
    "fields": {
      "name": "Объем HDD"
    }
  },
  {
    "model": "compare.characteristic",
    "pk": 7,
    "fields": {
      "name": "Объем SSD"
    }
  },
  {
    "model": "compare.characteristic",
    "pk": 8,
    "fields": {
      "name": "Операционная система"
    }
  },
  {
    "model": "compare.characteristic",
    "pk": 9,
    "fields": {
      "name": "Форм-фактор"
    }
  },
  {
    "model": "compare.characteristic",
    "pk": 10,
    "fields": {
      "name": "Объем накопителя"
    }
  },
  {
    "model": "compare.characteristic",
    "pk": 11,
    "fields": {
      "name": "Интерфейс"
    }
  },
  {
    "model": "compare.characteristic",
    "pk": 12,
    "fields": {
      "name": "Тип матрицы"
    }
  },
  {
    "model": "compare.characteristic",
    "pk": 13,
    "fields": {
      "name": "Частота обновления"
    }
  },
  {
    "model": "compare.characteristic",
    "pk": 14,
    "fields": {
      "name": "Технология печати"
    }
  },
  {
    "model": "compare.characteristic",
    "pk": 15,
    "fields": {
      "name": "Формат печати"
    }
  },
  {
    "model": "compare.characteristic",
    "pk": 16,
    "fields": {
      "name": "Скорость печати"
    }
  },
  {
    "model": "compare.characteristic",
    "pk": 17,
    "fields": {
      "name": "Разрешение сенсора"
    }
  },
  {
    "model": "compare.characteristic",
    "pk": 18,
    "fields": {
      "name": "Разрешение матрицы"
    }
  },
  {
    "model": "compare.productcharacteristic",
    "pk": 1,
    "fields": {
      "product": 1,
      "characteristic": 1,
      "value": "15.6 \""
    }
  },
  {
    "model": "compare.productcharacteristic",
    "pk": 2,
    "fields": {
      "product": 1,
      "characteristic": 2,
      "value": "1920х1080"
    }
  },
  {
    "model": "compare.productcharacteristic",
    "pk": 3,
    "fields": {
      "product": 1,
      "characteristic": 3,
      "value": "AMD Ryzen 5 4600H"
    }
  },
  {
    "model": "compare.productcharacteristic",
    "pk": 4,
    "fields": {
      "product": 1,
      "characteristic": 4,
      "value": "16384 Мб, DDR4, 3200 МГц"
    }
  },
  {
    "model": "compare.productcharacteristic",
    "pk": 5,
    "fields": {
      "product": 1,
      "characteristic": 5,
      "value": "NVIDIA GeForce GTX 1650 - 4096 Мб"
    }
  },
  {
    "model": "compare.productcharacteristic",
    "pk": 6,
    "fields": {
      "product": 1,
      "characteristic": 6,
      "value": "1000 Гб, 5400 об/мин"
    }
  },
  {
    "model": "compare.productcharacteristic",
    "pk": 7,
    "fields": {
      "product": 1,
      "characteristic": 7,
      "value": "256 Гб"
    }
  },
  {
    "model": "compare.productcharacteristic",
    "pk": 8,
    "fields": {
      "product": 1,
      "characteristic": 8,
      "value": "Windows 10"
    }
  },
  {
    "model": "compare.productcharacteristic",
    "pk": 9,
    "fields": {
      "product": 2,
      "characteristic": 1,
      "value": "15.6 \""
    }
  },
  {
    "model": "compare.productcharacteristic",
    "pk": 10,
    "fields": {
      "product": 2,
      "characteristic": 2,
      "value": "1920х1080"
    }
  },
  {
    "model": "compare.productcharacteristic",
    "pk": 11,
    "fields": {
      "product": 2,
      "characteristic": 3,
      "value": "Intel Core i7 9750H"
    }
  },
  {
    "model": "compare.productcharacteristic",
    "pk": 12,
    "fields": {
      "product": 2,
      "characteristic": 4,
      "value": "8192 Мб, DDR4, 2133 МГц"
    }
  },
  {
    "model": "compare.productcharacteristic",
    "pk": 13,
    "fields": {
      "product": 2,
      "characteristic": 5,
      "value": "NVIDIA GeForce GTX 1650 - 4096 Мб"
    }
  },
  {
    "model": "compare.productcharacteristic",
    "pk": 14,
    "fields": {
      "product": 2,
      "characteristic": 7,
      "value": "512 Гб"
    }
  },
  {
    "model": "compare.productcharacteristic",
    "pk": 15,
    "fields": {
      "product": 2,
      "characteristic": 8,
      "value": "Eshell"
    }
  },
  {
    "model": "compare.productcharacteristic",
    "pk": 16,
    "fields": {
      "product": 3,
      "characteristic": 1,
      "value": "15.6 \""
    }
  },
  {
    "model": "compare.productcharacteristic",
    "pk": 17,
    "fields": {
      "product": 3,
      "characteristic": 2,
      "value": "1920х1080"
    }
  },
  {
    "model": "compare.productcharacteristic",
    "pk": 18,
    "fields": {
      "product": 3,
      "characteristic": 3,
      "value": "AMD Ryzen 7 5800H"
    }
  },
  {
    "model": "compare.productcharacteristic",
    "pk": 19,
    "fields": {
      "product": 3,
      "characteristic": 4,
      "value": "8192 Мб, DDR4, 3200 МГц"
    }
  },
  {
    "model": "compare.productcharacteristic",
    "pk": 20,
    "fields": {
      "product": 3,
      "characteristic": 5,
      "value": "NVIDIA GeForce RTX 3060 для ноутбуков - 6144 Мб"
    }
  },
  {
    "model": "compare.productcharacteristic",
    "pk": 21,
    "fields": {
      "product": 3,
      "characteristic": 7,
      "value": "512 Гб"
    }
  },
  {
    "model": "compare.productcharacteristic",
    "pk": 22,
    "fields": {
      "product": 3,
      "characteristic": 8,
      "value": "Windows 10 Home"
    }
  },
  {
    "model": "compare.productcharacteristic",
    "pk": 23,
    "fields": {
      "product": 4,
      "characteristic": 1,
      "value": "13.3 \""
    }
  },
  {
    "model": "compare.productcharacteristic",
    "pk": 24,
    "fields": {
      "product": 4,
      "characteristic": 2,
      "value": "2560х1600"
    }
  },
  {
    "model": "compare.productcharacteristic",
    "pk": 25,
    "fields": {
      "product": 4,
      "characteristic": 3,
      "value": "Apple M1"
    }
  },
  {
    "model": "compare.productcharacteristic",
    "pk": 26,
    "fields": {
      "product": 4,
      "characteristic": 4,
      "value": "8192 Мб"
    }
  },
  {
    "model": "compare.productcharacteristic",
    "pk": 27,
    "fields": {
      "product": 4,
      "characteristic": 7,
      "value": "512 Гб"
    }
  },
  {
    "model": "compare.productcharacteristic",
    "pk": 28,
    "fields": {
      "product": 4,
      "characteristic": 8,
      "value": "Mac OS"
    }
  },
  {
    "model": "compare.productcharacteristic",
    "pk": 29,
    "fields": {
      "product": 5,
      "characteristic": 1,
      "value": "13.3 \""
    }
  },
  {
    "model": "compare.productcharacteristic",
    "pk": 30,
    "fields": {
      "product": 5,
      "characteristic": 2,
      "value": "2560х1600"
    }
  },
  {
    "model": "compare.productcharacteristic",
    "pk": 31,
    "fields": {
      "product": 5,
      "characteristic": 3,
      "value": "Apple M1"
    }
  },
  {
    "model": "compare.productcharacteristic",
    "pk": 32,
    "fields": {
      "product": 5,
      "characteristic": 4,
      "value": "16384 Мб"
    }
  },
  {
    "model": "compare.productcharacteristic",
    "pk": 33,
    "fields": {
      "product": 5,
      "characteristic": 7,
      "value": "512 Гб"
    }
  },
  {
    "model": "compare.productcharacteristic",
    "pk": 34,
    "fields": {
      "product": 5,
      "characteristic": 8,
      "value": "Mac OS"
    }
  },
  {
    "model": "compare.productcharacteristic",
    "pk": 35,
    "fields": {
      "product": 6,
      "characteristic": 1,
      "value": "16 \""
    }
  },
  {
    "model": "compare.productcharacteristic",
    "pk": 36,
    "fields": {
      "product": 6,
      "characteristic": 2,
      "value": "3072х1920"
    }
  },
  {
    "model": "compare.productcharacteristic",
    "pk": 37,
    "fields": {
      "product": 6,
      "characteristic": 3,
      "value": "Intel Core i9 9880H"
    }
  },
  {
    "model": "compare.productcharacteristic",
    "pk": 38,
    "fields": {
      "product": 6,
      "characteristic": 4,
      "value": "16384 Мб, DDR4"
    }
  },
  {
    "model": "compare.productcharacteristic",
    "pk": 39,
    "fields": {
      "product": 6,
      "characteristic": 5,
      "value": "Radeon Pro 5500M - 8192 Мб"
    }
  },
  {
    "model": "compare.productcharacteristic",
    "pk": 40,
    "fields": {
      "product": 6,
      "characteristic": 7,
      "value": "1024 Гб"
    }
  },
  {
    "model": "compare.productcharacteristic",
    "pk": 41,
    "fields": {
      "product": 6,
      "characteristic": 8,
      "value": "macOS"
    }
  },
  {
    "model": "compare.productcharacteristic",
    "pk": 42,
    "fields": {
      "product": 7,
      "characteristic": 1,
      "value": "16.1 \""
    }
  },
  {
    "model": "compare.productcharacteristic",
    "pk": 43,
    "fields": {
      "product": 7,
      "characteristic": 2,
      "value": "1920х1080"
    }
  },
  {
    "model": "compare.productcharacteristic",
    "pk": 44,
    "fields": {
      "product": 7,
      "characteristic": 3,
      "value": "AMD Ryzen 5 4600H"
    }
  },
  {
    "model": "compare.productcharacteristic",
    "pk": 45,
    "fields": {
      "product": 7,
      "characteristic": 4,
      "value": "16384 Мб, DDR4"
    }
  },
  {
    "model": "compare.productcharacteristic",
    "pk": 46,
    "fields": {
      "product": 7,
      "characteristic": 5,
      "value": "AMD Radeon"
    }
  },
  {
    "model": "compare.productcharacteristic",
    "pk": 47,
    "fields": {
      "product": 7,
      "characteristic": 7,
      "value": "512 Гб"
    }
  },
  {
    "model": "compare.productcharacteristic",
    "pk": 48,
    "fields": {
      "product": 7,
      "characteristic": 8,
      "value": "Windows 10"
    }
  },
  {
    "model": "compare.productcharacteristic",
    "pk": 49,
    "fields": {
      "product": 8,
      "characteristic": 1,
      "value": "14 \""
    }
  },
  {
    "model": "compare.productcharacteristic",
    "pk": 50,
    "fields": {
      "product": 8,
      "characteristic": 2,
      "value": "1920х1080"
    }
  },
  {
    "model": "compare.productcharacteristic",
    "pk": 51,
    "fields": {
      "product": 8,
      "characteristic": 3,
      "value": "Intel Pentium Silver N5030"
    }
  },
  {
    "model": "compare.productcharacteristic",
    "pk": 52,
    "fields": {
      "product": 8,
      "characteristic": 4,
      "value": "4096 Мб, DDR4"
    }
  },
  {
    "model": "compare.productcharacteristic",
    "pk": 53,
    "fields": {
      "product": 8,
      "characteristic": 5,
      "value": "Intel UHD Graphics 605"
    }
  },
  {
    "model": "compare.productcharacteristic",
    "pk": 54,
    "fields": {
      "product": 8,
      "characteristic": 7,
      "value": "128 Гб"
    }
  },
  {
    "model": "compare.productcharacteristic",
    "pk": 55,
    "fields": {
      "product": 8,
      "characteristic": 8,
      "value": "Windows 10"
    }
  },
  {
    "model": "compare.productcharacteristic",
    "pk": 56,
    "fields": {
      "product": 9,
      "characteristic": 1,
      "value": "16.1 \""
    }
  },
  {
    "model": "compare.productcharacteristic",
    "pk": 57,
    "fields": {
      "product": 9,
      "characteristic": 2,
      "value": "1920х1080"
    }
  },
  {
    "model": "compare.productcharacteristic",
    "pk": 58,
    "fields": {
      "product": 9,
      "characteristic": 3,
      "value": "AMD Ryzen 5 4600H"
    }
  },
  {
    "model": "compare.productcharacteristic",
    "pk": 59,
    "fields": {
      "product": 9,
      "characteristic": 4,
      "value": "16384 Мб, DDR4"
    }
  },
  {
    "model": "compare.productcharacteristic",
    "pk": 60,
    "fields": {
      "product": 9,
      "characteristic": 5,
      "value": "AMD Radeon"
    }
  },
  {
    "model": "compare.productcharacteristic",
    "pk": 61,
    "fields": {
      "product": 9,
      "characteristic": 7,
      "value": "512 Гб"
    }
  },
  {
    "model": "compare.productcharacteristic",
    "pk": 62,
    "fields": {
      "product": 9,
      "characteristic": 8,
      "value": "Windows 10 Home"
    }
  },
  {
    "model": "compare.productcharacteristic",
    "pk": 63,
    "fields": {
      "product": 10,
      "characteristic": 1,
      "value": "10.5\""
    }
  },
  {
    "model": "compare.productcharacteristic",
    "pk": 64,
    "fields": {
      "product": 10,
      "characteristic": 2,
      "value": "1920x1280"
    }
  },
  {
    "model": "compare.productcharacteristic",
    "pk": 65,
    "fields": {
      "product": 10,
      "characteristic": 3,
      "value": "Pentium 1700 МГц"
    }
  },
  {
    "model": "compare.productcharacteristic",
    "pk": 66,
    "fields": {
      "product": 10,
      "characteristic": 4,
      "value": "8 ГБ"
    }
  },
  {
    "model": "compare.productcharacteristic",
    "pk": 67,
    "fields": {
      "product": 10,
      "characteristic": 7,
      "value": "128 ГБ"
    }
  },
  {
    "model": "compare.productcharacteristic",
    "pk": 68,
    "fields": {
      "product": 10,
      "characteristic": 8,
      "value": "Windows 10"
    }
  },
  {
    "model": "compare.productcharacteristic",
    "pk": 69,
    "fields": {
      "product": 11,
      "characteristic": 3,
      "value": "Intel Core i5"
    }
  },
  {
    "model": "compare.productcharacteristic",
    "pk": 70,
    "fields": {
      "product": 11,
      "characteristic": 4,
      "value": "8GB"
    }
  },
  {
    "model": "compare.productcharacteristic",
    "pk": 71,
    "fields": {
      "product": 11,
      "characteristic": 7,
      "value": "128GB"
    }
  },
  {
    "model": "compare.productcharacteristic",
    "pk": 72,
    "fields": {
      "product": 11,
      "characteristic": 8,
      "value": "Windows 10"
    }
  },
  {
    "model": "compare.productcharacteristic",
    "pk": 73,
    "fields": {
      "product": 12,
      "characteristic": 1,
      "value": "13\""
    }
  },
  {
    "model": "compare.productcharacteristic",
    "pk": 74,
    "fields": {
      "product": 12,
      "characteristic": 2,
      "value": "2880x1920"
    }
  },
  {
    "model": "compare.productcharacteristic",
    "pk": 75,
    "fields": {
      "product": 12,
      "characteristic": 3,
      "value": "Microsoft SQ2 3100 МГц"
    }
  },
  {
    "model": "compare.productcharacteristic",
    "pk": 76,
    "fields": {
      "product": 12,
      "characteristic": 4,
      "value": "16 ГБ LPDDR4X 2133 МГц"
    }
  },
  {
    "model": "compare.productcharacteristic",
    "pk": 77,
    "fields": {
      "product": 12,
      "characteristic": 7,
      "value": "256 ГБ"
    }
  },
  {
    "model": "compare.productcharacteristic",
    "pk": 78,
    "fields": {
      "product": 12,
      "characteristic": 8,
      "value": "Windows 10"
    }
  },
  {
    "model": "compare.productcharacteristic",
    "pk": 79,
    "fields": {
      "product": 13,
      "characteristic": 3,
      "value": "Intel Core i5 10400F"
    }
  },
  {
    "model": "compare.productcharacteristic",
    "pk": 80,
    "fields": {
      "product": 13,
      "characteristic": 4,
      "value": "DIMM, DDR4 8192 Мб 2666 МГц"
    }
  },
  {
    "model": "compare.productcharacteristic",
    "pk": 81,
    "fields": {
      "product": 13,
      "characteristic": 5,
      "value": "NVIDIA GeForce GTX 1650 - 4096 Мб"
    }
  },
  {
    "model": "compare.productcharacteristic",
    "pk": 82,
    "fields": {
      "product": 13,
      "characteristic": 7,
      "value": "512 ГБ"
    }
  },
  {
    "model": "compare.productcharacteristic",
    "pk": 83,
    "fields": {
      "product": 13,
      "characteristic": 8,
      "value": "Windows 10"
    }
  },
  {
    "model": "compare.productcharacteristic",
    "pk": 84,
    "fields": {
      "product": 14,
      "characteristic": 3,
      "value": "AMD Ryzen 7 2700"
    }
  },
  {
    "model": "compare.productcharacteristic",
    "pk": 85,
    "fields": {
      "product": 14,
      "characteristic": 4,
      "value": "DIMM, DDR4 16384 Мб 2400 МГц"
    }
  },
  {
    "model": "compare.productcharacteristic",
    "pk": 86,
    "fields": {
      "product": 14,
      "characteristic": 5,
      "value": "NVIDIA GeForce GTX 1660 Super - 6144 Мб"
    }
  },
  {
    "model": "compare.productcharacteristic",
    "pk": 87,
    "fields": {
      "product": 14,
      "characteristic": 6,
      "value": "1024 Гб, 7200 об/мин"
    }
  },
  {
    "model": "compare.productcharacteristic",
    "pk": 88,
    "fields": {
      "product": 14,
      "characteristic": 7,
      "value": "240 ГБ"
    }
  },
  {
    "model": "compare.productcharacteristic",
    "pk": 89,
    "fields": {
      "product": 14,
      "characteristic": 8,
      "value": "Windows 10 Home"
    }
  },
  {
    "model": "compare.productcharacteristic",
    "pk": 90,
    "fields": {
      "product": 15,
      "characteristic": 3,
      "value": "Intel Core i3 10100"
    }
  },
  {
    "model": "compare.productcharacteristic",
    "pk": 91,
    "fields": {
      "product": 15,
      "characteristic": 4,
      "value": "DIMM, DDR4 8192 Мб 2400 МГц"
    }
  },
  {
    "model": "compare.productcharacteristic",
    "pk": 92,
    "fields": {
      "product": 15,
      "characteristic": 5,
      "value": "NVIDIA GeForce GTX1650 - 4096 Мб"
    }
  },
  {
    "model": "compare.productcharacteristic",
    "pk": 93,
    "fields": {
      "product": 15,
      "characteristic": 6,
      "value": "1000 Гб, 7200 об/мин, SATA"
    }
  },
  {
    "model": "compare.productcharacteristic",
    "pk": 94,
    "fields": {
      "product": 15,
      "characteristic": 8,
      "value": "Windows 10"
    }
  },
  {
    "model": "compare.productcharacteristic",
    "pk": 95,
    "fields": {
      "product": 16,
      "characteristic": 3,
      "value": "Intel Core i5 10400"
    }
  },
  {
    "model": "compare.productcharacteristic",
    "pk": 96,
    "fields": {
      "product": 16,
      "characteristic": 4,
      "value": "DIMM, DDR4 16384 Мб"
    }
  },
  {
    "model": "compare.productcharacteristic",
    "pk": 97,
    "fields": {
      "product": 16,
      "characteristic": 5,
      "value": "Intel UHD Graphics 630"
    }
  },
  {
    "model": "compare.productcharacteristic",
    "pk": 98,
    "fields": {
      "product": 16,
      "characteristic": 7,
      "value": "512 ГБ"
    }
  },
  {
    "model": "compare.productcharacteristic",
    "pk": 99,
    "fields": {
      "product": 16,
      "characteristic": 8,
      "value": "Endless"
    }
  },
  {
    "model": "compare.productcharacteristic",
    "pk": 100,
    "fields": {
      "product": 17,
      "characteristic": 3,
      "value": "Intel Core i5 10400"
    }
  },
  {
    "model": "compare.productcharacteristic",
    "pk": 101,
    "fields": {
      "product": 17,
      "characteristic": 4,
      "value": "DIMM, DDR4 8192 Мб 2666 МГц"
    }
  },
  {
    "model": "compare.productcharacteristic",
    "pk": 102,
    "fields": {
      "product": 17,
      "characteristic": 5,
      "value": "Intel UHD Graphics 630"
    }
  },
  {
    "model": "compare.productcharacteristic",
    "pk": 103,
    "fields": {
      "product": 17,
      "characteristic": 7,
      "value": "512 ГБ"
    }
  },
  {
    "model": "compare.productcharacteristic",
    "pk": 104,
    "fields": {
      "product": 17,
      "characteristic": 8,
      "value": "Linux"
    }
  },
  {
    "model": "compare.productcharacteristic",
    "pk": 105,
    "fields": {
      "product": 18,
      "characteristic": 3,
      "value": "Intel Core i7 8700"
    }
  },
  {
    "model": "compare.productcharacteristic",
    "pk": 106,
    "fields": {
      "product": 18,
      "characteristic": 4,
      "value": "DIMM, DDR4 8192 Мб 2400 МГц"
    }
  },
  {
    "model": "compare.productcharacteristic",
    "pk": 107,
    "fields": {
      "product": 18,
      "characteristic": 5,
      "value": "Intel UHD Graphics 630"
    }
  },
  {
    "model": "compare.productcharacteristic",
    "pk": 108,
    "fields": {
      "product": 18,
      "characteristic": 7,
      "value": "480 ГБ"
    }
  },
  {
    "model": "compare.productcharacteristic",
    "pk": 109,
    "fields": {
      "product": 18,
      "characteristic": 8,
      "value": "Free DOS"
    }
  },
  {
    "model": "compare.productcharacteristic",
    "pk": 110,
    "fields": {
      "product": 19,
      "characteristic": 3,
      "value": "Intel Celeron J4025"
    }
  },
  {
    "model": "compare.productcharacteristic",
    "pk": 111,
    "fields": {
      "product": 19,
      "characteristic": 4,
      "value": "SO-DIMM, DDR4 4096 Мб 2133 МГц"
    }
  },
  {
    "model": "compare.productcharacteristic",
    "pk": 112,
    "fields": {
      "product": 19,
      "characteristic": 5,
      "value": "Intel UHD Graphics 600"
    }
  },
  {
    "model": "compare.productcharacteristic",
    "pk": 113,
    "fields": {
      "product": 19,
      "characteristic": 7,
      "value": "128 ГБ"
    }
  },
  {
    "model": "compare.productcharacteristic",
    "pk": 114,
    "fields": {
      "product": 19,
      "characteristic": 8,
      "value": "Endless"
    }
  },
  {
    "model": "compare.productcharacteristic",
    "pk": 115,
    "fields": {
      "product": 20,
      "characteristic": 3,
      "value": "AMD E1 6010"
    }
  },
  {
    "model": "compare.productcharacteristic",
    "pk": 116,
    "fields": {
      "product": 20,
      "characteristic": 4,
      "value": "DIMM, DDR3 4096 Мб 1600 МГц"
    }
  },
  {
    "model": "compare.productcharacteristic",
    "pk": 117,
    "fields": {
      "product": 20,
      "characteristic": 5,
      "value": "AMD Radeon R2"
    }
  },
  {
    "model": "compare.productcharacteristic",
    "pk": 118,
    "fields": {
      "product": 20,
      "characteristic": 7,
      "value": "120 ГБ"
    }
  },
  {
    "model": "compare.productcharacteristic",
    "pk": 119,
    "fields": {
      "product": 20,
      "characteristic": 8,
      "value": "Windows 10 Home"
    }
  },
  {
    "model": "compare.productcharacteristic",
    "pk": 120,
    "fields": {
      "product": 21,
      "characteristic": 3,
      "value": "AMD Athlon 3050U"
    }
  },
  {
    "model": "compare.productcharacteristic",
    "pk": 121,
    "fields": {
      "product": 21,
      "characteristic": 4,
      "value": "DIMM, DDR4 4096 Мб 2400 МГц"
    }
  },
  {
    "model": "compare.productcharacteristic",
    "pk": 122,
    "fields": {
      "product": 21,
      "characteristic": 5,
      "value": "AMD Radeon Graphics"
    }
  },
  {
    "model": "compare.productcharacteristic",
    "pk": 123,
    "fields": {
      "product": 21,
      "characteristic": 7,
      "value": "128 ГБ"
    }
  },
  {
    "model": "compare.productcharacteristic",
    "pk": 124,
    "fields": {
      "product": 21,
      "characteristic": 8,
      "value": "Free DOS 3.0"
    }
  },
  {
    "model": "compare.productcharacteristic",
    "pk": 125,
    "fields": {
      "product": 22,
      "characteristic": 9,
      "value": "3.5 \""
    }
  },
  {
    "model": "compare.productcharacteristic",
    "pk": 126,
    "fields": {
      "product": 22,
      "characteristic": 10,
      "value": "2 ТБ"
    }
  },
  {
    "model": "compare.productcharacteristic",
    "pk": 127,
    "fields": {
      "product": 22,
      "characteristic": 11,
      "value": "SATA III"
    }
  },
  {
    "model": "compare.productcharacteristic",
    "pk": 128,
    "fields": {
      "product": 23,
      "characteristic": 9,
      "value": "2.5\""
    }
  },
  {
    "model": "compare.productcharacteristic",
    "pk": 129,
    "fields": {
      "product": 23,
      "characteristic": 10,
      "value": "512ГБ"
    }
  },
  {
    "model": "compare.productcharacteristic",
    "pk": 130,
    "fields": {
      "product": 23,
      "characteristic": 11,
      "value": "SATA III"
    }
  },
  {
    "model": "compare.productcharacteristic",
    "pk": 131,
    "fields": {
      "product": 24,
      "characteristic": 9,
      "value": "M.2 2280"
    }
  },
  {
    "model": "compare.productcharacteristic",
    "pk": 132,
    "fields": {
      "product": 24,
      "characteristic": 10,
      "value": "500ГБ"
    }
  },
  {
    "model": "compare.productcharacteristic",
    "pk": 133,
    "fields": {
      "product": 24,
      "characteristic": 11,
      "value": "PCI-E x4"
    }
  },
  {
    "model": "compare.productcharacteristic",
    "pk": 134,
    "fields": {
      "product": 25,
      "characteristic": 1,
      "value": "27 \""
    }
  },
  {
    "model": "compare.productcharacteristic",
    "pk": 135,
    "fields": {
      "product": 25,
      "characteristic": 2,
      "value": "3840x2160"
    }
  },
  {
    "model": "compare.productcharacteristic",
    "pk": 136,
    "fields": {
      "product": 25,
      "characteristic": 13,
      "value": "60 Гц"
    }
  },
  {
    "model": "compare.productcharacteristic",
    "pk": 137,
    "fields": {
      "product": 25,
      "characteristic": 12,
      "value": "IPS"
    }
  },
  {
    "model": "compare.productcharacteristic",
    "pk": 138,
    "fields": {
      "product": 26,
      "characteristic": 1,
      "value": "23.8 \""
    }
  },
  {
    "model": "compare.productcharacteristic",
    "pk": 139,
    "fields": {
      "product": 26,
      "characteristic": 2,
      "value": "1920x1080"
    }
  },
  {
    "model": "compare.productcharacteristic",
    "pk": 140,
    "fields": {
      "product": 26,
      "characteristic": 13,
      "value": "75 Гц"
    }
  },
  {
    "model": "compare.productcharacteristic",
    "pk": 141,
    "fields": {
      "product": 26,
      "characteristic": 12,
      "value": "VA"
    }
  },
  {
    "model": "compare.productcharacteristic",
    "pk": 142,
    "fields": {
      "product": 27,
      "characteristic": 1,
      "value": "27 \""
    }
  },
  {
    "model": "compare.productcharacteristic",
    "pk": 143,
    "fields": {
      "product": 27,
      "characteristic": 2,
      "value": "1920x1080"
    }
  },
  {
    "model": "compare.productcharacteristic",
    "pk": 144,
    "fields": {
      "product": 27,
      "characteristic": 13,
      "value": "144 Гц"
    }
  },
  {
    "model": "compare.productcharacteristic",
    "pk": 145,
    "fields": {
      "product": 27,
      "characteristic": 13,
      "value": "VA"
    }
  },
  {
    "model": "compare.productcharacteristic",
    "pk": 146,
    "fields": {
      "product": 28,
      "characteristic": 14,
      "value": "струйный"
    }
  },
  {
    "model": "compare.productcharacteristic",
    "pk": 147,
    "fields": {
      "product": 28,
      "characteristic": 15,
      "value": "A4"
    }
  },
  {
    "model": "compare.productcharacteristic",
    "pk": 148,
    "fields": {
      "product": 28,
      "characteristic": 16,
      "value": "до 20 стр/мин, формата А4"
    }
  },
  {
    "model": "compare.productcharacteristic",
    "pk": 149,
    "fields": {
      "product": 29,
      "characteristic": 14,
      "value": "струйный"
    }
  },
  {
    "model": "compare.productcharacteristic",
    "pk": 150,
    "fields": {
      "product": 29,
      "characteristic": 15,
      "value": "A4"
    }
  },
  {
    "model": "compare.productcharacteristic",
    "pk": 151,
    "fields": {
      "product": 29,
      "characteristic": 16,
      "value": "до 15 стр/мин, формата А4"
    }
  },
  {
    "model": "compare.productcharacteristic",
    "pk": 152,
    "fields": {
      "product": 30,
      "characteristic": 14,
      "value": "струйный"
    }
  },
  {
    "model": "compare.productcharacteristic",
    "pk": 153,
    "fields": {
      "product": 30,
      "characteristic": 15,
      "value": "A3+"
    }
  },
  {
    "model": "compare.productcharacteristic",
    "pk": 154,
    "fields": {
      "product": 30,
      "characteristic": 16,
      "value": "до 29 стр/мин, формата А4"
    }
  },
  {
    "model": "compare.productcharacteristic",
    "pk": 155,
    "fields": {
      "product": 31,
      "characteristic": 11,
      "value": "USB"
    }
  },
  {
    "model": "compare.productcharacteristic",
    "pk": 156,
    "fields": {
      "product": 32,
      "characteristic": 11,
      "value": "USB"
    }
  },
  {
    "model": "compare.productcharacteristic",
    "pk": 157,
    "fields": {
      "product": 33,
      "characteristic": 11,
      "value": "USB 3.0"
    }
  },
  {
    "model": "compare.productcharacteristic",
    "pk": 158,
    "fields": {
      "product": 33,
      "characteristic": 17,
      "value": "5000 dpi"
    }
  },
  {
    "model": "compare.productcharacteristic",
    "pk": 159,
    "fields": {
      "product": 34,
      "characteristic": 11,
      "value": "Bluetooth"
    }
  },
  {
    "model": "compare.productcharacteristic",
    "pk": 160,
    "fields": {
      "product": 34,
      "characteristic": 17,
      "value": "1000 dpi"
    }
  },
  {
    "model": "compare.productcharacteristic",
    "pk": 161,
    "fields": {
      "product": 35,
      "characteristic": 18,
      "value": "1920 х 1080"
    }
  },
  {
    "model": "compare.productcharacteristic",
    "pk": 162,
    "fields": {
      "product": 35,
      "characteristic": 11,
      "value": "USB2.0"
    }
  },
  {
    "model": "compare.productcharacteristic",
    "pk": 163,
    "fields": {
      "product": 36,
      "characteristic": 18,
      "value": "1280 х 720"
    }
  },
  {
    "model": "compare.productcharacteristic",
    "pk": 164,
    "fields": {
      "product": 36,
      "characteristic": 11,
      "value": "USB2.0"
    }
  },
  {
    "model": "compare.productcharacteristic",
    "pk": 165,
    "fields": {
      "product": 37,
      "characteristic": 18,
      "value": "1920 х 1080"
    }
  },
  {
    "model": "compare.productcharacteristic",
    "pk": 166,
    "fields": {
      "product": 37,
      "characteristic": 11,
      "value": "USB2.0"
    }
  },
  {
    "model": "compare.productcharacteristic",
    "pk": 167,
    "fields": {
      "product": 38,
      "characteristic": 9,
      "value": "Rack"
    }
  },
  {
    "model": "compare.productcharacteristic",
    "pk": 168,
    "fields": {
      "product": 38,
      "characteristic": 3,
      "value": "Intel Xeon"
    }
  },
  {
    "model": "compare.productcharacteristic",
    "pk": 169,
    "fields": {
      "product": 38,
      "characteristic": 4,
      "value": "DDR4 1 x 16 ГБ"
    }
  },
  {
    "model": "compare.productcharacteristic",
    "pk": 170,
    "fields": {
      "product": 38,
      "characteristic": 6,
      "value": "2 х 240 ГБ"
    }
  },
  {
    "model": "compare.productcharacteristic",
    "pk": 171,
    "fields": {
      "product": 39,
      "characteristic": 9,
      "value": "Tower"
    }
  },
  {
    "model": "compare.productcharacteristic",
    "pk": 172,
    "fields": {
      "product": 39,
      "characteristic": 3,
      "value": "Intel Core i3"
    }
  },
  {
    "model": "compare.productcharacteristic",
    "pk": 173,
    "fields": {
      "product": 39,
      "characteristic": 4,
      "value": "DDR4 1 x 16 ГБ"
    }
  },
  {
    "model": "compare.productcharacteristic",
    "pk": 174,
    "fields": {
      "product": 39,
      "characteristic": 6,
      "value": "2 х 1 ТБ"
    }
  },
  {
    "model": "compare.productcharacteristic",
    "pk": 175,
    "fields": {
      "product": 40,
      "characteristic": 9,
      "value": "Tower"
    }
  },
  {
    "model": "compare.productcharacteristic",
    "pk": 176,
    "fields": {
      "product": 40,
      "characteristic": 3,
      "value": "Intel Pentium"
    }
  },
  {
    "model": "compare.productcharacteristic",
    "pk": 177,
    "fields": {
      "product": 40,
      "characteristic": 4,
      "value": "DDR4 1 x 16 ГБ"
    }
  }
]
